"","tanggal","brgkt","tiba"
"1",2019-05-28,9285,5755
"2",2019-05-29,9985,6983
"3",2019-05-30,10636,7614
"4",2019-05-31,10708,7319
"5",2019-06-01,10697,6777
"6",2019-06-02,10620,5893
"7",2019-06-03,10466,5495
"8",2019-06-04,8365,4174
"9",2019-06-05,7236,2764
"10",2019-06-06,6765,3854
"11",2019-06-07,7407,5941
"12",2019-06-08,8426,8437
"13",2019-06-09,10343,10676
"14",2019-06-10,8639,10092
"15",2019-06-11,7422,9260
"16",2019-06-12,8075,10039
"17",2019-06-13,7283,9077
"18",2019-06-14,7730,10036
"19",2019-06-15,7887,10719
"20",2019-12-18,9664,8516
"21",2019-12-19,9768,8245
"22",2019-12-20,10195,8484
"23",2019-12-21,9773,8221
"24",2019-12-22,10162,8583
"25",2019-12-23,9110,7927
"26",2019-12-24,8466,7231
"27",2019-12-25,8296,7200
"28",2019-12-26,7518,6770
"29",2019-12-27,7398,6278
"30",2019-12-28,7430,7297
"31",2019-12-29,7151,7407
"32",2019-12-30,6250,6562
"33",2019-12-31,6175,6380
"34",2020-01-01,5658,6286
"35",2020-01-02,6442,7416
"36",2020-01-03,6907,8243
"37",2020-01-04,7395,8548
"38",2020-01-05,7774,9464
"39",2020-01-06,6675,9440
"40",2020-01-07,6464,8738
"41",2020-01-08,6542,8985
"42",2020-04-01,2508,2400
"43",2020-04-02,1815,1650
"44",2020-04-03,1636,1369
"45",2020-04-04,1239,1131
"46",2020-04-05,1390,1310
"47",2020-04-06,1060,1056
"48",2020-04-07,1279,1024
"49",2020-04-08,1410,1132
"50",2020-04-09,1374,1186
"51",2020-04-10,1470,1067
"52",2020-04-11,1035,750
"53",2020-04-12,1615,1529
"54",2020-04-13,1101,1003
"55",2020-04-14,949,898
"56",2020-04-15,1880,1541
"57",2020-04-16,1506,1462
"58",2020-04-17,2134,1670
"59",2020-04-18,1515,1153
"60",2020-04-19,2078,1939
"61",2020-04-20,2079,1939
"62",2020-04-21,1382,1025
"63",2020-04-22,2156,1841
"64",2020-04-23,2238,1571
"65",2020-04-24,1900,1192
"66",2020-04-25,0,0
"67",2020-04-26,0,0
"68",2020-04-27,3,3
"69",2020-04-28,18,0
"70",2020-04-29,101,71
"71",2020-04-30,38,29
"72",2020-05-01,11,0
"73",2020-05-02,57,0
"74",2020-05-03,58,49
"75",2020-05-04,109,109
"76",2020-05-05,102,105
"77",2020-05-06,83,156
"78",2020-05-07,50,52
"79",2020-05-08,86,35
"80",2020-05-09,87,94
"81",2020-05-10,84,48
"82",2020-05-11,91,116
"83",2020-05-12,415,407
"84",2020-05-13,268,296
"85",2020-05-14,397,350
"86",2020-05-15,0,400
"87",2020-05-16,311,185
"88",2020-05-17,337,152
"89",2020-05-18,466,346
"90",2020-05-19,612,280
"91",2020-05-20,527,374
"92",2020-05-21,0,368
"93",2020-05-22,685,334
"94",2020-05-23,223,180
"95",2020-05-24,4,4
"96",2020-05-25,74,60
"97",2020-05-26,255,405
"98",2020-05-27,10,0
"99",2020-05-28,217,159
"100",2020-05-29,187,164
"101",2020-05-30,132,158
"102",2020-05-31,86,134
"103",2020-06-01,1085,1518
"104",2020-06-02,1357,1606
"105",2020-06-03,1057,598
"106",2020-06-04,1907,1157
"107",2020-06-05,507,272
"108",2020-06-06,486,239
"109",2020-06-07,1038,689
"110",2020-06-08,637,546
"111",2020-06-09,947,597
"112",2020-06-10,1570,1222
"113",2020-06-11,1647,1305
"114",2020-06-12,1267,1069
"115",2020-06-13,1564,1275
"116",2020-06-14,2152,2128
"117",2020-06-15,1539,1364
"118",2020-06-16,2415,2005
"119",2020-06-17,2317,2077
"120",2020-06-18,2301,2166
"121",2020-06-19,1998,1694
"122",2020-06-20,2073,1758
"123",2020-06-21,2702,2381
"124",2020-06-22,1583,1312
"125",2020-06-23,1810,1842
"126",2020-06-24,2283,2344
"127",2020-06-25,2445,2045
"128",2020-06-26,2268,2068
"129",2020-06-27,1940,1736
"130",2020-06-28,2300,2141
"131",2020-06-29,1376,1401
"132",2020-06-30,2525,2308
"133",2020-07-01,2934,2651
"134",2020-07-02,3143,2921
"135",2020-07-03,2770,2527
"136",2020-07-04,2381,2272
"137",2020-07-05,2715,2498
"138",2020-07-06,2052,2078
"139",2020-07-07,2612,2318
"140",2020-07-08,2774,2759
"141",2020-07-09,2926,2682
"142",2020-07-10,2943,2629
"143",2020-07-11,2893,2547
"144",2020-07-12,2721,2567
"145",2020-07-13,2153,2368
"146",2020-07-14,2651,2530
"147",2020-07-15,3086,3137
"148",2020-07-16,3319,3391
"149",2020-07-17,2824,2571
"150",2020-07-18,2852,2703
"151",2020-07-19,3100,3154
"152",2020-07-20,2735,2684
"153",2020-07-21,2883,2720
"154",2020-07-22,3003,2874
"155",2020-07-23,2994,2764
"156",2020-07-24,2925,2655
"157",2020-07-25,3450,2832
"158",2020-07-26,3929,3295
"159",2020-07-27,3392,2681
"160",2020-07-28,3392,2652
"161",2020-07-29,3709,2973
"162",2020-07-30,6315,2901
"163",2020-07-31,2082,1439
"164",2020-08-01,2189,1800
"165",2020-08-02,3554,3352
"166",2020-08-03,3260,3362
"167",2020-08-04,2990,3262
"168",2020-08-05,4051,4024
"169",2020-08-06,3907,3944
"170",2020-08-07,3272,3358
"171",2020-08-08,3377,3388
"172",2020-08-09,3994,4199
"173",2020-08-10,3844,4099
"174",2020-08-11,3498,3739
"175",2020-08-12,3696,3650
"176",2020-08-13,4224,4433
"177",2020-08-14,3972,3432
"178",2020-08-15,4682,3890
"179",2020-08-16,3479,3799
"180",2020-08-17,3312,3495
"181",2020-08-18,2579,2893
"182",2020-08-19,3596,3522
"183",2020-08-20,3987,3965
"184",2020-08-21,2618,2520
"185",2020-08-22,2922,3420
"186",2020-08-23,4122,4851
"187",2020-08-24,2837,3749
"188",2020-08-25,3636,3656
"189",2020-08-26,3735,3898
"190",2020-08-27,4517,3949
"191",2020-08-28,4517,3949
"192",2020-08-29,2919,2925
"193",2020-08-30,3822,4045
"194",2020-08-31,2822,3268
"195",2020-09-01,3754,3922
"196",2020-09-02,3493,3582
"197",2020-09-03,3187,3358
"198",2020-09-04,3568,3255
"199",2020-09-05,3241,3230
"200",2020-09-06,3852,3938
"201",2020-09-07,2720,2991
"202",2020-09-08,3504,3542
"203",2020-09-09,3809,3836
"204",2020-09-10,3314,3255
"205",2020-09-11,4247,3725
"206",2020-09-12,2894,2907
"207",2020-09-13,4143,4602
"208",2020-09-14,2709,3047
"209",2020-09-15,3113,3177
"210",2020-09-16,3459,3478
"211",2020-09-17,2901,3291
"212",2020-09-18,3841,3433
"213",2020-09-19,3131,2841
"214",2020-09-20,4057,3943
"215",2020-09-21,2843,3125
"216",2020-09-22,3007,2806
"217",2020-09-23,3051,3361
"218",2020-09-24,2644,2726
"219",2020-09-25,3032,3064
"220",2020-09-26,3070,2664
"221",2020-09-27,3520,3566
"222",2020-09-28,2168,2850
"223",2020-09-29,2722,2772
"224",2020-09-30,3363,3179
"225",2020-10-01,3525,3258
"226",2020-10-02,3354,2654
"227",2020-10-03,2995,2853
"228",2020-10-04,3463,3534
"229",2020-10-05,2808,3226
"230",2020-10-06,3021,2889
"231",2020-10-07,3732,3436
"232",2020-10-08,3616,3469
"233",2020-10-09,3266,2952
"234",2020-10-10,3296,3010
"235",2020-10-11,3469,3661
"236",2020-10-12,2854,3246
"237",2020-10-13,3121,3022
"238",2020-10-14,3287,3349
"239",2020-10-15,3628,3474
"240",2020-10-16,4225,2774
"241",2020-10-17,3753,3553
"242",2020-10-18,4032,4020
"243",2020-10-19,2775,2899
"244",2020-10-20,3539,3494
"245",2020-10-21,3701,3532
"246",2020-10-22,3987,3949
"247",2020-10-23,4048,3052
"248",2020-10-24,4227,3803
"249",2020-10-25,4438,4219
"250",2020-10-26,3762,3469
"251",2020-10-27,4485,3811
"252",2020-10-28,5201,4362
"253",2020-10-29,4569,3651
"254",2020-10-30,3929,3035
"255",2020-10-31,4167,4022
"256",2020-12-01,4368,4261
"257",2020-12-02,4144,3997
"258",2020-12-03,4818,4197
"259",2020-12-04,5175,4307
"260",2020-12-05,5073,4687
"261",2020-12-06,4817,4546
"262",2020-12-07,3713,3902
"263",2020-12-08,4525,3975
"264",2020-12-09,3435,3343
"265",2020-12-10,5520,4716
"266",2020-12-11,5012,3891
"267",2020-12-12,5172,4201
"268",2020-12-13,5425,5383
"269",2020-12-14,5158,4114
"270",2020-12-15,5673,4941
"271",2020-12-16,5134,5041
"272",2020-12-17,6658,5538
"273",2020-12-18,5843,4774
"274",2020-12-19,5846,4683
"275",2020-12-20,6255,5730
"276",2020-12-21,5406,4789
"277",2020-12-22,5142,4139
"278",2020-12-23,6097,4738
"279",2020-12-24,6384,5071
"280",2020-12-25,5160,3789
"281",2020-12-26,4240,3680
"282",2020-12-27,3449,4802
"283",2020-12-28,3746,4022
"284",2020-12-29,4038,3593
"285",2020-12-30,4092,3912
"286",2020-12-31,4077,4023
"287",2021-01-01,2274,2668
"288",2021-01-02,3436,4478
"289",2021-01-03,4617,5858
"290",2021-01-04,3302,5142
"291",2021-01-05,3713,4753
"292",2021-01-06,3678,4929
"293",2021-01-07,3857,4580
"294",2021-01-08,3742,4411
"295",2021-01-09,4198,4889
"296",2021-01-10,4515,5560
"297",2021-01-11,3207,4598
"298",2021-01-12,3722,3748
"299",2021-01-13,3190,3956
"300",2021-01-14,3611,3738
"301",2021-01-15,3444,3395
"302",2021-01-16,3833,3994
"303",2021-01-17,3208,3745
"304",2021-01-18,2560,3019
"305",2021-01-19,3179,3242
"306",2021-01-20,3485,3243
"307",2021-01-21,2777,3190
"308",2021-01-22,2576,2602
"309",2021-01-23,2671,2447
"310",2021-01-24,3101,3338
"311",2021-01-25,2469,2601
"312",2021-01-26,3093,3285
"313",2021-01-27,2915,3390
"314",2021-01-28,3051,3483
"315",2021-01-29,2951,2853
"316",2021-01-30,3094,3002
"317",2021-01-31,2931,3453
"318",2021-02-01,2852,3126
"319",2021-02-02,3009,3015
"320",2021-02-03,3425,3664
"321",2021-02-04,3372,3267
"322",2021-02-05,3174,3049
"323",2021-02-06,3277,3225
"324",2021-02-07,2686,3205
"325",2021-02-08,2476,2856
"326",2021-02-09,3414,3358
"327",2021-02-10,4033,3823
"328",2021-02-11,4236,3507
"329",2021-02-12,3533,2671
"330",2021-02-13,2492,2327
"331",2021-02-14,2717,3262
"332",2021-02-15,3104,3797
"333",2021-02-16,3286,3744
"334",2021-02-17,4027,3650
"335",2021-02-18,3199,3396
"336",2021-02-19,3632,3278
"337",2021-02-20,3320,3092
"338",2021-02-21,3083,3579
"339",2021-02-22,2368,2810
"340",2021-02-23,2929,3323
"341",2021-02-24,3615,3765
"342",2021-02-25,3650,3500
"343",2021-02-26,3327,2930
"344",2021-02-27,3999,3316
"345",2021-02-28,3609,3968
"346",2021-03-01,2578,2889
"347",2021-03-02,3128,3288
"348",2021-03-03,3674,3476
"349",2021-03-04,3410,3330
"350",2021-03-05,3665,2985
"351",2021-03-06,3686,3273
"352",2021-03-07,2966,3071
"353",2021-03-08,2939,2964
"354",2021-03-09,3417,3103
"355",2021-03-10,4335,3557
"356",2021-03-11,4631,3898
"357",2021-03-12,3085,2567
"358",2021-03-13,3402,3283
"359",2021-03-14,3704,4361
"360",2021-03-15,3309,3681
"361",2021-03-16,3621,3771
"362",2021-03-17,3910,4036
"363",2021-03-18,3596,3449
"364",2021-03-19,3891,3542
"365",2021-03-20,4087,3585
"366",2021-03-21,3676,4170
"367",2021-03-22,3090,3423
"368",2021-03-23,3491,3739
"369",2021-03-24,4043,4056
"370",2021-03-25,4149,3582
"371",2021-03-26,4216,3411
"372",2021-03-27,3386,3467
"373",2021-03-28,4191,3907
"374",2021-03-29,3006,3094
"375",2021-03-30,3938,3824
"376",2021-03-31,4603,3969
"377",2021-04-01,5381,4082
"378",2021-04-02,5528,4211
"379",2021-04-03,3812,3296
"380",2021-04-04,4753,4741
"381",2021-04-05,4351,4463
"382",2021-04-06,4657,4841
"383",2021-04-07,5217,4839
"384",2021-04-08,5949,4657
"385",2021-04-09,4998,4287
"386",2021-04-10,5953,5073
"387",2021-04-11,5443,5733
"388",2021-04-12,3958,3888
"389",2021-04-13,3812,3498
"390",2021-04-14,3305,3340
"391",2021-04-15,3888,4050
"392",2021-04-16,3543,2871
"393",2021-04-17,3491,3227
"394",2021-04-18,4139,4345
"395",2021-04-19,3150,3227
"396",2021-04-20,3150,3229
"397",2021-04-21,3823,3570
"398",2021-04-22,3903,3444
"399",2021-04-23,4497,3581
"400",2021-04-24,4765,3893
"401",2021-04-25,5100,4401
"402",2021-04-26,3664,3019
"403",2021-04-27,3648,3394
"404",2021-04-28,4365,3571
"405",2021-04-29,4905,3648
"406",2021-04-30,6330,4130
"407",2021-05-01,6611,3610
"408",2021-05-02,6355,4273
"409",2021-05-03,6699,3818
"410",2021-05-04,7335,4431
"411",2021-05-05,8127,5011
"412",2021-05-06,284,236
"413",2021-05-07,216,212
"414",2021-05-08,422,234
"415",2021-05-09,393,284
"416",2021-05-10,304,225
"417",2021-05-11,683,220
"418",2021-05-12,264,185
"419",2021-05-13,81,68
"420",2021-05-14,204,79
"421",2021-05-15,157,103
"422",2021-05-16,221,146
"423",2021-05-17,475,551
"424",2021-05-18,6882,6538
"425",2021-05-19,6321,6469
"426",2021-05-20,6281,6486
"427",2021-05-21,6266,6167
"428",2021-05-22,5919,6003
"429",2021-05-23,5819,6446
"430",2021-05-24,5214,5600
"431",2021-05-25,5992,6365
"432",2021-05-26,6505,6663
"433",2021-05-27,5632,6112
"434",2021-05-28,5768,6177
"435",2021-05-29,5898,6320
"436",2021-05-30,5401,6421
"437",2021-05-31,4256,5722
"438",2021-06-01,5704,6476
"439",2021-06-02,5102,6177
"440",2021-06-03,5161,6056
"441",2021-06-04,5359,6130
"442",2021-06-05,5684,6159
"443",2021-06-06,5198,6142
"444",2021-06-07,4572,5976
"445",2021-06-08,4967,6003
"446",2021-06-09,5208,6071
"447",2021-06-10,5284,6238
"448",2021-06-11,5430,5730
"449",2021-06-12,5655,5976
"450",2021-06-13,5003,6152
"451",2021-06-14,4439,6460
"452",2021-06-15,4415,5799
"453",2021-06-16,5434,5820
"454",2021-06-17,5408,5453
"455",2021-06-18,5972,5580
"456",2021-06-19,5821,5322
"457",2021-06-20,5829,6121
"458",2021-06-21,4686,5325
"459",2021-06-22,4580,4924
"460",2021-06-23,4844,5134
"461",2021-06-24,4384,4760
"462",2021-06-25,4997,5230
"463",2021-06-26,4908,5089
"464",2021-06-27,4739,5360
"465",2021-06-28,3825,4795
"466",2021-06-29,5083,4706
"467",2021-06-30,4799,5126
"468",2021-07-01,4427,4510
"469",2021-07-02,4630,4905
"470",2021-07-03,2945,3604
"471",2021-07-04,3296,4264
"472",2021-07-05,1427,1260
"473",2021-07-06,1693,1871
"474",2021-07-07,1262,1679
"475",2021-07-08,1274,1701
"476",2021-07-09,1164,1578
"477",2021-07-10,1250,1851
"478",2021-07-11,1240,1862
"479",2021-07-12,1118,1340
"480",2021-07-13,893,1088
"481",2021-07-14,1026,1283
"482",2021-07-15,1146,1267
"483",2021-07-16,1070,1064
"484",2021-07-17,1114,1163
"485",2021-07-18,1300,1227
"486",2021-07-19,522,339
"487",2021-07-20,535,506
"488",2021-07-21,1088,960
"489",2021-07-22,1104,992
"490",2021-07-23,1171,1270
"491",2021-07-24,1313,1490
"492",2021-07-25,1008,1241
"493",2021-07-26,1154,1415
"494",2021-07-27,1170,1257
"495",2021-07-28,1655,1839
"496",2021-07-29,1499,1667
"497",2021-07-30,1537,1564
"498",2021-07-31,1362,1327
"499",2021-08-01,1417,1488
"500",2021-08-02,733,841
"501",2021-08-03,804,1141
"502",2021-08-04,1709,1980
"503",2021-08-05,1667,1844
"504",2021-08-06,1795,1884
"505",2021-08-07,1703,1667
"506",2021-08-08,1838,2018
"507",2021-08-09,1137,1360
"508",2021-08-10,1496,1517
"509",2021-08-11,1844,2067
"510",2021-08-12,1586,1715
"511",2021-08-13,1626,1607
"512",2021-08-14,1974,1993
"513",2021-08-15,3093,2231
"514",2021-08-16,1543,1247
"515",2021-08-17,1620,1430
"516",2021-08-18,1632,1719
"517",2021-08-19,1603,1347
"518",2021-08-20,2324,2416
"519",2021-08-21,2233,2174
"520",2021-08-22,2476,2586
"521",2021-08-23,1363,1599
"522",2021-08-24,1694,1849
"523",2021-08-25,2354,2484
"524",2021-08-26,2393,2490
"525",2021-08-27,2619,2265
"526",2021-08-28,2785,2475
"527",2021-08-29,2207,2452
"528",2021-08-30,1655,1551
"529",2021-08-31,1975,1971
"530",2021-09-01,2556,2627
"531",2021-09-02,2415,2463
"532",2021-09-03,2646,2612
"533",2021-09-04,2996,2741
"534",2021-09-05,2980,3153
"535",2021-09-06,2107,2119
"536",2021-09-07,2295,2519
"537",2021-09-08,3120,3126
"538",2021-09-09,3153,3149
"539",2021-09-10,3673,2640
"540",2021-09-11,3341,3137
"541",2021-09-12,3178,3258
"542",2021-09-13,2368,2761
"543",2021-09-14,2631,2608
"544",2021-09-15,3269,3399
"545",2021-09-16,3407,3308
"546",2021-09-17,3191,2916
"547",2021-09-18,3453,3092
"548",2021-09-19,3396,3867
"549",2021-09-20,2735,2683
"550",2021-09-21,2538,2633
"551",2021-09-22,3429,3149
"552",2021-09-23,3177,3142
"553",2021-09-24,3531,3338
"554",2021-09-25,3240,3142
"555",2021-09-26,3595,3748
"556",2021-09-27,2922,3030
"557",2021-09-28,2858,3017
"558",2021-09-29,3829,3904
"559",2021-09-30,3954,3254
"560",2021-10-01,3896,3420
"561",2021-10-02,3905,3487
"562",2021-10-03,3586,4056
"563",2021-10-04,2906,3207
"564",2021-10-05,3073,3691
"565",2021-10-06,3985,4038
"566",2021-10-07,4232,3754
"567",2021-10-08,4118,3538
"568",2021-10-09,4201,3710
"569",2021-10-10,4061,4643
"570",2021-10-11,3170,3745
"571",2021-10-12,3743,3942
"572",2021-10-13,4604,4454
"573",2021-10-14,4383,3910
"574",2021-10-15,4562,3823
"575",2021-10-16,4893,4389
"576",2021-10-17,4569,4495
"577",2021-10-18,3351,3918
"578",2021-10-19,3571,3372
"579",2021-10-20,5073,4819
"580",2021-10-21,3861,3828
"581",2021-10-22,3928,3504
"582",2021-10-23,4706,4388
"583",2021-10-24,4346,4852
"584",2021-10-25,3523,4044
"585",2021-10-26,3911,3833
"586",2021-10-27,4852,4693
"587",2021-10-28,4665,4276
"588",2021-10-29,4556,4069
"589",2021-10-30,4646,4760
"590",2021-10-31,4402,4871
"591",2021-11-01,3830,4471
"592",2021-11-02,4274,4348
"593",2021-11-03,5443,4884
"594",2021-11-04,5154,4354
"595",2021-11-05,5259,4264
"596",2021-11-06,5218,5038
"597",2021-11-07,4913,5278
"598",2021-11-08,4518,5055
"599",2021-11-09,4458,4600
"600",2021-11-10,5673,4927
"601",2021-11-11,5297,4447
"602",2021-11-12,5231,4086
"603",2021-11-13,4671,4894
"604",2021-11-14,5002,5715
"605",2021-11-15,4005,4608
"606",2021-11-16,4313,4332
"607",2021-11-17,5662,5021
"608",2021-11-18,4816,4243
"609",2021-11-19,4585,4538
"610",2021-11-20,4204,4523
"611",2021-11-21,4886,5330
"612",2021-11-22,4229,4491
"613",2021-11-23,4155,4068
"614",2021-11-24,5012,4544
"615",2021-11-25,5468,4878
"616",2021-11-26,4938,4461
"617",2021-11-27,5024,5198
"618",2021-11-28,4348,5394
"619",2021-11-29,3952,4631
"620",2021-11-30,4586,4686
"621",2021-12-01,5133,5004
"622",2021-12-02,4615,4514
"623",2021-12-03,4916,4156
"624",2021-12-04,4889,5006
"625",2021-12-05,5156,5340
"626",2021-12-06,4378,4403
"627",2021-12-07,4900,4706
"628",2021-12-08,5505,4921
"629",2021-12-09,5135,4674
"630",2021-12-10,5520,5017
"631",2021-12-11,5271,5128
"632",2021-12-12,5226,5308
"633",2021-12-13,4903,5024
"634",2021-12-14,5271,5363
"635",2021-12-15,5625,4943
"636",2021-12-16,5116,5074
"637",2021-12-17,5475,4929
"638",2021-12-18,5909,5480
"639",2021-12-19,5457,5554
"640",2021-12-20,5042,5164
"641",2021-12-21,4698,4572
"642",2021-12-22,5428,5210
"643",2021-12-23,5329,4950
"644",2021-12-24,3857,3609
"645",2021-12-25,3560,3135
"646",2021-12-26,3113,3225
"647",2021-12-27,3144,3079
"648",2021-12-28,3213,3003
"649",2021-12-29,3252,2841
"650",2021-12-30,3393,3193
"651",2021-12-31,2878,2472
"652",2022-01-01,2231,2658
"653",2022-01-02,3486,3995
"654",2022-01-03,3753,4314
"655",2022-01-04,4489,4989
"656",2022-01-05,4677,5135
"657",2022-01-06,5077,5168
"658",2022-01-07,5005,4795
"659",2022-01-08,5297,5547
"660",2022-01-09,4886,5288
"661",2022-01-10,4511,5522
"662",2022-01-11,4518,5482
"663",2022-01-12,4976,5057
"664",2022-01-13,4891,4759
"665",2022-01-14,4790,4412
"666",2022-01-15,5090,5040
"667",2022-01-16,4663,5391
"668",2022-01-17,3963,4684
"669",2022-01-18,3958,4611
"670",2022-01-19,4425,4471
"671",2022-01-20,4370,4586
"672",2022-01-21,4449,4126
"673",2022-01-22,4008,4345
"674",2022-01-23,4117,4902
"675",2022-01-24,3766,4503
"676",2022-01-25,3675,4119
"677",2022-01-26,4232,4484
"678",2022-01-27,4333,4214
"679",2022-01-28,4827,4238
"680",2022-01-29,4778,4735
"681",2022-01-30,3798,4960
"682",2022-01-31,3335,4341
"683",2022-02-01,4383,4246
"684",2022-02-02,3895,4333
"685",2022-02-03,3905,4114
"686",2022-02-04,4329,4218
"687",2022-02-05,4521,4337
"688",2022-02-06,4115,4504
"689",2022-02-07,3257,3773
"690",2022-02-08,3282,3736
"691",2022-02-09,3833,3593
"692",2022-02-10,3683,3763
"693",2022-02-11,3427,3502
"694",2022-02-12,3226,3641
"695",2022-02-13,3781,4223
"696",2022-02-14,3108,3220
"697",2022-02-15,2965,3590
"698",2022-02-16,3442,3300
"699",2022-02-17,3627,3339
"700",2022-02-18,3354,3214
"701",2022-02-19,3264,3153
"702",2022-02-20,3420,3829
"703",2022-02-21,2837,3540
"704",2022-02-22,2731,2834
"705",2022-02-23,3231,3206
"706",2022-02-24,3544,3467
"707",2022-02-25,3690,3065
"708",2022-02-26,3915,3469
"709",2022-02-27,3289,3373
"710",2022-02-28,3139,3145
"711",2022-03-01,2921,3110
"712",2022-03-02,3497,3328
"713",2022-03-03,3872,3406
"714",2022-03-04,3555,3150
"715",2022-03-05,3436,3331
"716",2022-03-06,3670,4176
"717",2022-03-07,3279,3975
"718",2022-03-08,3261,3670
"719",2022-03-09,4570,4318
"720",2022-03-10,4177,4111
"721",2022-03-11,4789,4215
"722",2022-03-12,4514,4231
"723",2022-03-13,4959,4699
"724",2022-03-14,5248,4282
"725",2022-03-15,4638,4400
"726",2022-03-16,5331,4743
"727",2022-03-17,5548,4586
"728",2022-03-18,5245,4160
"729",2022-03-19,5214,4584
"730",2022-03-20,4884,4875
"731",2022-03-21,4609,4503
"732",2022-03-22,4974,4916
"733",2022-03-23,5237,4768
"734",2022-03-24,5551,4775
"735",2022-03-25,5747,5097
"736",2022-03-26,7135,5801
"737",2022-03-27,5736,5670
"738",2022-03-28,5182,5627
"739",2022-03-29,4992,5445
"740",2022-03-30,5751,5559
"741",2022-03-31,5744,5304
"742",2022-04-01,5261,4568
"743",2022-04-02,4203,4150
"744",2022-04-03,3317,3770
"745",2022-04-04,3141,3840
"746",2022-04-05,3143,3501
"747",2022-04-06,3684,3495
"748",2022-04-07,3470,3311
"749",2022-04-08,3494,3057
"750",2022-04-09,4131,3955
"751",2022-04-10,4062,3750
"752",2022-04-11,3688,3511
"753",2022-04-12,4508,3669
"754",2022-04-13,4468,3380
"755",2022-04-14,4558,3941
"756",2022-04-15,3790,3636
"757",2022-04-16,4357,3955
"758",2022-04-17,4296,4476
"759",2022-04-18,4275,4379
"760",2022-04-19,5112,4182
"761",2022-04-20,5726,4260
"762",2022-04-21,6151,3929
"763",2022-04-22,5463,3691
"764",2022-04-23,6594,4574
"765",2022-04-24,6660,4418
"766",2022-04-25,7156,4167
"767",2022-04-26,7415,3889
"768",2022-04-27,7365,3991
"769",2022-04-28,7896,4679
"770",2022-04-29,8337,5083
"771",2022-04-30,7972,4859
"772",2022-05-01,7675,3276
"773",2022-05-02,5930,2385
"774",2022-05-03,5428,2788
"775",2022-05-04,5060,3158
"776",2022-05-05,5670,4912
"777",2022-05-06,6199,6311
"778",2022-05-07,6720,7629
"779",2022-05-08,6560,7631
"780",2022-05-09,6213,7811
"781",2022-05-10,6430,7645
"782",2022-05-11,6496,7597
"783",2022-05-12,5903,7606
"784",2022-05-13,6049,8008
"785",2022-05-14,6084,7780
"786",2022-05-15,6273,7694
"787",2022-05-16,5555,7475
"788",2022-05-17,5407,7553
"789",2022-05-18,5538,7051
"790",2022-05-19,5573,7014
"791",2022-05-20,5269,7234
"792",2022-05-21,5245,7126
"793",2022-05-22,6267,6727
"794",2022-05-23,5112,6952
"795",2022-05-24,4905,6737
"796",2022-05-25,5597,6915
"797",2022-05-26,6156,6740
"798",2022-05-27,4591,5909
"799",2022-05-28,4603,5448
"800",2022-05-29,4643,6124
"801",2022-05-30,4168,5579
"802",2022-05-31,4544,5786
"803",2022-06-01,5213,5782
"804",2022-06-02,4432,5405
"805",2022-06-03,4595,5028
"806",2022-06-04,5033,5330
"807",2022-06-05,4999,5927
"808",2022-06-06,4567,5957
"809",2022-06-07,4363,4776
"810",2022-06-08,5345,5375
"811",2022-06-09,5337,5249
"812",2022-06-10,7405,5389
"813",2022-06-11,5255,5148
"814",2022-06-12,5374,5543
"815",2022-06-13,5302,5373
"816",2022-06-14,5034,5006
"817",2022-06-15,6213,5359
"818",2022-06-16,6357,5287
"819",2022-06-17,6460,5235
"820",2022-06-18,6110,5221
"821",2022-06-19,6469,5728
"822",2022-06-20,6480,5959
"823",2022-06-21,6049,5247
"824",2022-06-22,6508,5660
"825",2022-06-23,6565,5013
"826",2022-06-24,6616,5718
"827",2022-06-25,6680,6189
"828",2022-06-26,6835,6403
"829",2022-06-27,6175,6291
"830",2022-06-28,5557,6321
"831",2022-06-29,6657,6111
"832",2022-06-30,6605,5471
"833",2022-07-01,6617,5848
"834",2022-07-02,6370,5811
"835",2022-07-03,6244,6292
"836",2022-07-04,5661,6806
"837",2022-07-05,5886,5967
"838",2022-07-06,6178,6362
"839",2022-07-07,6341,6165
"840",2022-07-08,6089,6041
"841",2022-07-09,4818,5249
"842",2022-07-10,3984,5361
"843",2022-07-11,5049,6617
"844",2022-07-12,5456,6615
"845",2022-07-13,5707,6543
"846",2022-07-14,5966,6582
"847",2022-07-15,5961,6161
"848",2022-07-16,5841,7155
"849",2022-07-17,5286,6828
"850",2022-07-18,5144,7059
"851",2022-07-19,5011,7142
"852",2022-07-20,5363,6735
"853",2022-07-21,5779,6420
"854",2022-07-22,5287,6089
"855",2022-07-23,5004,5461
"856",2022-07-24,4675,6149
"857",2022-07-25,4739,5930
"858",2022-07-26,4822,5498
"859",2022-07-27,5381,5729
"860",2022-07-28,5427,5640
"861",2022-07-29,5061,5405
"862",2022-07-30,4447,5520
"863",2022-07-31,4705,5635
"864",2022-08-01,4112,5372
"865",2022-08-02,3906,4779
"866",2022-08-03,4352,5143
"867",2022-08-04,5090,6621
"868",2022-08-05,5585,5187
"869",2022-08-06,4618,4982
"870",2022-08-07,5236,5488
"871",2022-08-08,4435,5416
"872",2022-08-09,4582,5069
"873",2022-08-10,5076,5212
"874",2022-08-11,5337,5169
"875",2022-08-12,5916,5286
"876",2022-08-13,5179,4517
"877",2022-08-14,4820,5035
"878",2022-08-15,4200,4788
"879",2022-08-16,3640,3947
"880",2022-08-17,4422,4093
"881",2022-08-18,4497,4149
"882",2022-08-19,4498,4620
"883",2022-08-20,4553,4508
"884",2022-08-21,4422,5460
"885",2022-08-22,4107,5858
"886",2022-08-23,4172,4596
"887",2022-08-24,4568,4733
"888",2022-08-25,5532,4716
"889",2022-08-26,5533,4933
"890",2022-08-27,4503,4397
"891",2022-08-28,5146,5118
"892",2022-08-29,4639,5012
"893",2022-08-30,3966,4418
"894",2022-08-31,4293,4322
"895",2022-09-01,5864,4727
"896",2022-09-02,5096,4469
"897",2022-09-03,4480,3827
"898",2022-09-04,4723,4178
"899",2022-09-05,4430,4851
"900",2022-09-06,4376,4060
"901",2022-09-07,5019,5058
"902",2022-09-08,5382,5120
"903",2022-09-09,5660,5502
"904",2022-09-10,5356,4367
"905",2022-09-11,5106,5415
"906",2022-09-12,5163,5412
"907",2022-09-13,4370,4479
"908",2022-09-14,4926,4736
"909",2022-09-15,6160,5138
"910",2022-09-16,5637,4675
"911",2022-09-17,5167,4617
"912",2022-09-18,5142,5821
"913",2022-09-19,5169,5647
"914",2022-09-20,4930,4982
"915",2022-09-21,5274,5391
"916",2022-09-22,5936,5492
"917",2022-09-23,5293,4810
"918",2022-09-24,4897,4762
"919",2022-09-25,4952,5599
"920",2022-09-26,4536,4933
"921",2022-09-27,4383,4688
"922",2022-09-28,4956,5231
"923",2022-09-29,5403,5004
"924",2022-09-30,5737,5487
"925",2022-10-01,4821,4738
"926",2022-10-02,4979,5144
"927",2022-10-03,4304,4829
"928",2022-10-04,4794,4704
"929",2022-10-05,5313,4937
"930",2022-10-06,5696,4841
"931",2022-10-07,5901,4863
"932",2022-10-08,4881,4623
"933",2022-10-09,5116,5974
"934",2022-10-10,4960,5599
"935",2022-10-11,4551,5386
"936",2022-10-12,5507,5536
"937",2022-10-13,5975,5299
"938",2022-10-14,5922,5228
"939",2022-10-15,5486,4951
"940",2022-10-16,4635,5971
"941",2022-10-17,4999,5393
"942",2022-10-18,4516,4294
"943",2022-10-19,5664,5314
"944",2022-10-20,6023,4927
"945",2022-10-21,5619,5231
"946",2022-10-22,4457,5212
"947",2022-10-23,4883,6124
"948",2022-10-24,4626,5406
"949",2022-10-25,4626,5032
"950",2022-10-26,5330,4863
"951",2022-10-27,5738,5267
"952",2022-10-28,6172,5273
"953",2022-10-29,4853,5164
"954",2022-10-30,5126,5805
"955",2022-10-31,4749,5588
"956",2022-11-01,4365,4380
"957",2022-11-02,5036,4869
"958",2022-11-03,6450,5560
"959",2022-11-04,5733,5248
"960",2022-11-05,5127,5285
"961",2022-11-06,5560,6061
"962",2022-11-07,5247,5429
"963",2022-11-08,4948,4901
"964",2022-11-09,5932,5993
"965",2022-11-10,6051,5613
"966",2022-11-11,5821,5338
"967",2022-11-12,5449,5670
"968",2022-11-13,5786,3860
"969",2022-11-14,5179,6015
"970",2022-11-15,5635,5360
"971",2022-11-16,6012,5757
"972",2022-11-17,6084,5829
"973",2022-11-18,6145,5359
"974",2022-11-19,5491,5883
"975",2022-11-20,5740,6379
"976",2022-11-21,5525,6293
"977",2022-11-22,5585,6288
"978",2022-11-23,5201,5678
"979",2022-11-24,6420,6229
"980",2022-11-25,5945,6187
"981",2022-11-26,5227,6511
"982",2022-11-27,5616,6722
"983",2022-11-28,5419,5977
"984",2022-11-29,5565,5544
"985",2022-11-30,6430,6487
"986",2022-12-01,6253,5769
"987",2022-12-02,5850,5542
"988",2022-12-03,5291,5773
"989",2022-12-04,5736,6615
"990",2022-12-05,5516,5697
"991",2022-12-06,5825,5907
"992",2022-12-07,6927,6735
"993",2022-12-08,6852,6392
"994",2022-12-09,7005,5978
"995",2022-12-10,7006,6875
"996",2022-12-11,6988,7025
"997",2022-12-12,7155,6909
"998",2022-12-13,7695,6046
"999",2022-12-14,7638,6800
"1000",2022-12-15,7896,7099
"1001",2022-12-16,7567,6709
"1002",2022-12-17,7420,6632
"1003",2022-12-18,7402,7021
"1004",2022-12-19,7051,6383
"1005",2022-12-20,7221,6670
"1006",2022-12-21,7689,7002
"1007",2022-12-22,7655,6875
"1008",2022-12-23,7528,6336
"1009",2022-12-24,7084,6701
"1010",2022-12-25,6429,6314
"1011",2022-12-26,6244,5834
"1012",2022-12-27,6407,6122
"1013",2022-12-28,6007,5850
"1014",2022-12-29,5966,5797
"1015",2022-12-30,5624,6042
"1016",2022-12-31,4941,6129
"1017",2023-01-01,4521,5772
"1018",2023-01-02,5283,6737
"1019",2023-01-03,5352,7307
"1020",2023-01-04,5989,7137
"1021",2023-01-05,5884,7443
"1022",2023-01-06,6299,6943
"1023",2023-01-07,6002,6801
"1024",2023-01-08,6354,7200
"1025",2023-01-09,5380,7035
"1026",2023-01-10,5660,7112
"1027",2023-01-11,5878,7078
"1028",2023-01-12,5630,6642
"1029",2023-01-13,6313,6126
"1030",2023-01-14,6148,6592
"1031",2023-01-15,6292,6752
"1032",2023-01-16,5512,6621
"1033",2023-01-17,5188,6330
"1034",2023-01-18,5894,6344
"1035",2023-01-19,6453,6580
"1036",2023-01-20,7702,6803
"1037",2023-01-21,6865,6747
"1038",2023-01-22,5755,5922
"1039",2023-01-23,5831,7154
"1040",2023-01-24,5437,6532
"1041",2023-01-25,6355,6184
"1042",2023-01-26,6175,5996
"1043",2023-01-27,6493,5668
"1044",2023-01-28,6374,6222
"1045",2023-01-29,5764,6791
"1046",2023-01-30,5300,6963
"1047",2023-01-31,5790,6394
"1048",2023-02-01,6126,6532
"1049",2023-02-02,6204,5917
"1050",2023-02-03,6403,5615
"1051",2023-02-04,6010,6072
"1052",2023-02-05,6303,6783
"1053",2023-02-06,5823,6501
"1054",2023-02-07,4358,4514
"1055",2023-02-08,6570,6882
"1056",2023-02-09,6790,6069
"1057",2023-02-10,7166,5832
"1058",2023-02-11,7166,5832
"1059",2023-02-12,6792,6767
"1060",2023-02-13,6057,6695
"1061",2023-02-14,5962,6552
"1062",2023-02-15,7170,7160
"1063",2023-02-16,7140,6597
"1064",2023-02-17,7705,6518
"1065",2023-02-18,7315,6685
"1066",2023-02-19,6951,7716
"1067",2023-02-20,6230,7678
"1068",2023-02-21,6725,8015
"1069",2023-02-22,7459,7848
"1070",2023-02-23,7299,6948
"1071",2023-02-24,7718,6699
"1072",2023-02-25,8149,7346
"1073",2023-02-26,7459,6892
"1074",2023-02-27,7220,6923
"1075",2023-02-28,7080,7002
"1076",2023-03-01,7000,6576
"1077",2023-03-02,6561,6044
"1078",2023-03-03,7210,6293
"1079",2023-03-04,6619,6636
"1080",2023-03-05,6679,6681
"1081",2023-03-06,6231,7169
"1082",2023-03-07,6465,6760
"1083",2023-03-08,7095,6973
"1084",2023-03-09,6874,6490
"1085",2023-03-10,7455,6610
"1086",2023-03-11,7263,6847
"1087",2023-03-12,7144,6965
"1088",2023-03-13,7138,7378
"1089",2023-03-14,7062,7093
"1090",2023-03-15,7859,7401
"1091",2023-03-16,7575,7256
"1092",2023-03-17,7967,7136
"1093",2023-03-18,7228,7216
"1094",2023-03-19,6406,6957
"1095",2023-03-20,6359,6961
"1096",2023-03-21,6758,6294
"1097",2023-03-22,6404,6206
"1098",2023-03-23,4694,4328
"1099",2023-03-24,4133,4036
"1100",2023-03-25,4439,4511
"1101",2023-03-26,5278,5552
"1102",2023-03-27,5034,5508
"1103",2023-03-28,4731,4640
"1104",2023-03-29,5134,4907
"1105",2023-03-30,5500,4720
"1106",2023-03-31,5180,4539
"1107",2023-04-01,4917,4498
"1108",2023-04-02,4189,4226
"1109",2023-04-03,4151,4468
"1110",2023-04-04,4738,4494
"1111",2023-04-05,5515,4896
"1112",2023-04-06,6257,4708
"1113",2023-04-07,5134,4363
"1114",2023-04-08,4956,4275
"1115",2023-04-09,5453,5432
"1116",2023-04-10,5851,5488
"1117",2023-04-11,5516,4809
"1118",2023-04-12,6565,5427
"1119",2023-04-13,7383,5239
"1120",2023-04-14,9547,6314
"1121",2023-04-15,10906,7272
"1122",2023-04-16,10741,6359
"1123",2023-04-17,11050,5371
"1124",2023-04-18,12021,6612
"1125",2023-04-19,12388,7655
"1126",2023-04-20,11618,6345
"1127",2023-04-21,10021,4271
"1128",2023-04-22,5159,2139
"1129",2023-04-23,5808,3904
"1130",2023-04-24,7209,5658
"1131",2023-04-25,7411,7303
"1132",2023-04-26,7538,8245
"1133",2023-04-27,6954,7631
"1134",2023-04-28,7420,8629
"1135",2023-04-29,8118,9968
"1136",2023-04-30,8970,10929
"1137",2023-05-01,9472,11004
"1138",2023-05-02,7850,9545
"1139",2023-05-03,7657,9824
"1140",2023-05-04,7515,9460
"1141",2023-05-05,7646,9679
"1142",2023-05-06,7336,9572
"1143",2023-05-07,7525,9732
"1144",2023-05-08,6769,9168
"1145",2023-05-09,6509,9261
"1146",2023-05-10,7562,9320
"1147",2023-05-11,6471,9551
"1148",2023-05-12,6810,9427
"1149",2023-05-13,6686,9069
"1150",2023-05-14,6932,9613
"1151",2023-05-15,6952,9246
"1152",2023-05-16,6071,9225
"1153",2023-05-17,8257,9702
"1154",2023-05-18,7842,9432
"1155",2023-05-19,5854,8476
"1156",2023-05-20,5879,8336
"1157",2023-05-21,7127,9131
"1158",2023-05-22,6446,9100
"1159",2023-05-23,6292,7658
"1160",2023-05-24,6786,8268
"1161",2023-05-25,6979,7935
"1162",2023-05-26,7588,7534
"1163",2023-05-27,6390,7133
"1164",2023-05-28,7530,8112
"1165",2023-05-29,6593,7668
"1166",2023-05-30,7177,7868
"1167",2023-05-31,8949,7536
"1168",2023-06-01,8128,8227
"1169",2023-06-02,5582,7393
"1170",2023-06-03,5132,6178
"1171",2023-06-04,6595,8260
"1172",2023-06-05,6304,9404
"1173",2023-06-06,5984,6796
"1174",2023-06-07,6616,7960
"1175",2023-06-08,6899,6443
"1176",2023-06-09,6989,6517
"1177",2023-06-10,6830,7387
"1178",2023-06-11,7631,7091
"1179",2023-06-12,7022,7200
"1180",2023-06-13,7091,6442
"1181",2023-06-14,8598,8126
"1182",2023-06-15,9241,7571
"1183",2023-06-16,8803,7380
"1184",2023-06-17,9322,7763
"1185",2023-06-18,10038,8141
"1186",2023-06-19,9265,7245
"1187",2023-06-20,9051,7489
"1188",2023-06-21,9895,7773
"1189",2023-06-22,9556,7455
"1190",2023-06-23,9250,8330
"1191",2023-06-24,9446,8415
"1192",2023-06-25,9704,9259
"1193",2023-06-26,8872,8538
"1194",2023-06-27,3673,7755
"1195",2023-06-28,8940,7682
"1196",2023-06-29,5570,4760
"1197",2023-06-30,6883,7007
"1198",2023-07-01,6791,6984
"1199",2023-07-02,7998,9187
"1200",2023-07-03,7496,8788
"1201",2023-07-04,7273,8828
"1202",2023-07-05,8557,10048
"1203",2023-07-06,8148,9713
"1204",2023-07-07,7973,9705
"1205",2023-07-08,7397,9686
"1206",2023-07-09,7762,10047
"1207",2023-07-10,7674,9874
"1208",2023-07-11,7265,10953
"1209",2023-07-12,8403,10690
"1210",2023-07-13,7763,10037
"1211",2023-07-14,8054,8959
"1212",2023-07-15,7800,9512
"1213",2023-07-16,7758,9445
"1214",2023-07-17,6046,7652
"1215",2023-07-18,6562,7940
"1216",2023-07-19,7811,9125
"1217",2023-07-20,7045,7962
"1218",2023-07-21,7294,6768
"1219",2023-07-22,7001,8191
"1220",2023-07-23,7560,8748
"1221",2023-07-24,7610,7643
"1222",2023-07-25,6927,8076
"1223",2023-07-26,7188,7594
"1224",2023-07-27,6824,7225
"1225",2023-07-28,7521,6556
"1226",2023-07-29,6204,7228
"1227",2023-07-30,5918,7642
"1228",2023-07-31,6013,7292
"1229",2023-08-01,6121,6568
"1230",2023-08-02,7177,7141
"1231",2023-08-03,6217,6396
"1232",2023-08-04,6922,6015
"1233",2023-08-05,6672,6298
"1234",2023-08-06,6539,7381
"1235",2023-08-07,6457,7352
"1236",2023-08-08,5438,5583
"1237",2023-08-09,7027,6742
"1238",2023-08-10,7257,6540
"1239",2023-08-11,7154,6394
"1240",2023-08-12,7083,6204
"1241",2023-08-13,7122,7231
"1242",2023-08-14,6481,6809
"1243",2023-08-15,5898,5705
"1244",2023-08-16,6762,6162
"1245",2023-08-17,6139,4701
"1246",2023-08-18,5795,5212
"1247",2023-08-19,6222,5575
"1248",2023-08-20,6758,7198
"1249",2023-08-21,6542,7616
"1250",2023-08-22,7400,6643
"1251",2023-08-23,7196,7210
"1252",2023-08-24,6663,6333
"1253",2023-08-25,6754,6400
"1254",2023-08-26,6897,6414
"1255",2023-08-27,6753,7222
"1256",2023-08-28,6066,7106
"1257",2023-08-29,5918,6020
"1258",2023-08-30,7205,7375
"1259",2023-08-31,6607,6494
"1260",2023-09-01,6803,6751
"1261",2023-09-02,6492,6432
"1262",2023-09-03,6590,7182
"1263",2023-09-04,6000,6963
"1264",2023-09-05,6053,6344
"1265",2023-09-06,6798,8243
"1266",2023-09-07,6446,6099
"1267",2023-09-08,6949,6813
"1268",2023-09-09,6078,6294
"1269",2023-09-10,6333,7046
"1270",2023-09-11,5989,6978
"1271",2023-09-12,5853,6148
"1272",2023-09-13,7407,7331
"1273",2023-09-14,6707,5954
"1274",2023-09-15,7335,6622
"1275",2023-09-16,6170,6103
"1276",2023-09-17,6706,7596
"1277",2023-09-18,6143,7345
"1278",2023-09-19,5777,6464
"1279",2023-09-20,7451,7537
"1280",2023-09-21,6617,6392
"1281",2023-09-22,6865,6421
"1282",2023-09-23,6817,6345
"1283",2023-09-24,7057,6832
"1284",2023-09-25,6580,6800
"1285",2023-09-26,6020,5138
"1286",2023-09-27,5468,5086
"1287",2023-09-28,6914,6659
"1288",2023-09-29,5778,6324
"1289",2023-09-30,5830,6056
"1290",2023-10-01,7837,8195
"1291",2023-10-02,6660,7640
"1292",2023-10-03,6012,6291
"1293",2023-10-04,7587,8586
"1294",2023-10-05,7284,7085
"1295",2023-10-06,7439,6376
"1296",2023-10-07,6300,6311
"1297",2023-10-08,7104,7744
"1298",2023-10-09,6236,7658
"1299",2023-10-10,6628,6610
"1300",2023-10-11,7812,7393
"1301",2023-10-12,7709,6668
"1302",2023-10-13,7757,6335
"1303",2023-10-14,6160,6607
"1304",2023-10-15,7015,7641
"1305",2023-10-16,6511,7571
"1306",2023-10-17,6138,6899
"1307",2023-10-18,7552,7421
"1308",2023-10-19,6972,6450
"1309",2023-10-20,7548,6794
"1310",2023-10-21,5861,6148
"1311",2023-10-22,6330,7668
"1312",2023-10-23,6489,7517
"1313",2023-10-24,6252,6253
"1314",2023-10-25,7732,7491
"1315",2023-10-26,8761,7314
"1316",2023-10-27,7112,7174
"1317",2023-10-28,6580,7750
"1318",2023-10-29,6464,6712
"1319",2023-10-30,6836,7966
"1320",2023-10-31,5838,6717
"1321",2023-11-01,7150,7230
"1322",2023-11-02,7761,6976
"1323",2023-11-03,7879,6496
"1324",2023-11-04,6460,6389
"1325",2023-11-05,6511,7494
"1326",2023-11-06,6768,7950
"1327",2023-11-07,6174,6377
"1328",2023-11-08,7385,7191
"1329",2023-11-09,7617,6713
"1330",2023-11-10,7663,7226
"1331",2023-11-11,5738,6523
"1332",2023-11-12,6566,7972
"1333",2023-11-13,6759,7947
"1334",2023-11-14,6053,5956
"1335",2023-11-15,7879,7733
"1336",2023-11-16,7720,7321
"1337",2023-11-17,7295,7119
"1338",2023-11-18,6194,7087
"1339",2023-11-19,6960,8346
"1340",2023-11-20,7232,8481
"1341",2023-11-21,5863,5957
"1342",2023-11-22,7305,7168
"1343",2023-11-23,7102,6876
"1344",2023-11-24,7741,6904
"1345",2023-11-25,6451,7681
"1346",2023-11-26,7418,8166
"1347",2023-11-27,7552,8489
"1348",2023-11-28,6072,6517
"1349",2023-11-29,6937,6777
"1350",2023-11-30,7517,6697
"1351",2023-12-01,6909,6999
"1352",2023-12-02,5450,5915
"1353",2023-12-03,6313,6850
"1354",2023-12-04,6038,7399
"1355",2023-12-05,5936,5879
"1356",2023-12-06,7623,7275
"1357",2023-12-07,7175,6443
"1358",2023-12-08,7720,6699
"1359",2023-12-09,6607,6952
"1360",2023-12-10,7938,7694
"1361",2023-12-11,6936,7220
"1362",2023-12-12,5660,5614
"1363",2023-12-13,8060,6865
"1364",2023-12-14,7359,6941
"1365",2023-12-15,8187,7054
"1366",2023-12-16,7762,7224
"1367",2023-12-17,8262,7801
"1368",2023-12-18,0,0
"1369",2023-12-19,5734,5129
"1370",2023-12-20,9320,7604
"1371",2023-12-21,8716,7009
"1372",2023-12-22,9375,6935
"1373",2023-12-23,9599,7782
"1374",2023-12-24,7570,6059
"1375",2023-12-25,6668,5808
"1376",2023-12-26,6838,6597
"1377",2023-12-27,6459,6494
"1378",2023-12-28,6077,6155
"1379",2023-12-29,6135,5723
"1380",2023-12-30,5928,5895
"1381",2023-12-31,4530,5203
"1382",2024-01-01,4960,6568
"1383",2024-01-02,6053,7939
"1384",2024-01-03,5984,8187
"1385",2024-01-04,5564,6920
"1386",2024-01-05,5748,4320
"1387",2024-01-06,4131,5777
"1388",2024-01-07,6108,8328
"1389",2024-01-08,4564,5939
"1390",2024-01-09,3909,3226
"1391",2024-01-10,6243,7221
"1392",2024-01-11,5746,6572
"1393",2024-01-12,6227,4431
"1394",2024-01-13,5137,3461
"1395",2024-01-14,5501,6732
"1396",2024-01-15,5917,7205
"1397",2024-01-16,0,0
"1398",2024-01-17,4594,3275
"1399",2024-01-18,6036,6273
"1400",2024-01-19,6853,6027
"1401",2024-01-20,5675,3447
"1402",2024-01-21,5230,2928
"1403",2024-01-22,5676,5795
"1404",2024-01-23,5390,5671
"1405",2024-01-24,6608,4051
"1406",2024-01-26,5882,5595
"1407",2024-01-27,5184,3959
"1408",2024-01-28,6497,4114
"1409",2024-01-29,5602,3193
"1410",2024-01-30,4813,5449
"1411",2024-01-31,6585,3844
"1412",2024-02-01,5489,2478
"1413",2024-02-02,6299,3200
"1414",2024-02-03,3902,1944
"1415",2024-02-04,6883,3750
"1416",2024-02-05,6504,3545
"1417",2024-02-06,0,0
"1418",2024-02-07,4286,2109
"1419",2024-02-08,7941,3109
"1420",2024-02-09,0,0
"1421",2024-02-10,3753,2558
"1422",2024-02-11,4919,5735
"1423",2024-02-12,5270,7209
"1424",2024-02-13,0,0
"1425",2024-02-14,4277,2058
"1426",2024-02-15,5582,5114
"1427",2024-02-16,6134,3022
"1428",2024-02-17,2844,3479
"1429",2024-02-18,6977,3533
"1430",2024-02-19,6548,6816
"1431",2024-02-20,6068,5607
"1432",2024-02-21,6441,5599
"1433",2024-02-22,6951,2570
"1434",2024-02-23,7408,6586
"1435",2024-02-24,6441,3545
"1436",2024-02-25,7254,3995
"1437",2024-02-26,6946,3599
"1438",2024-02-27,6159,6148
"1439",2024-02-28,7507,7522
"1440",2024-02-29,7637,2770
"1441",2024-03-01,4238,4448
"1442",2024-03-06,8068,7839
"1443",2024-03-07,7617,7446
"1444",2024-03-08,8268,7940
"1445",2024-03-09,7138,6657
"1446",2024-03-10,5921,6775
"1447",2024-03-11,4586,5221
"1448",2024-03-12,5092,5853
"1449",2024-03-13,4332,4296
"1450",2024-03-14,4361,5123
"1451",2024-03-15,4864,4742
"1452",2024-03-16,5298,5761
"1453",2024-03-17,4433,4610
"1454",2024-03-18,4141,4443
"1455",2024-03-19,4817,4348
"1456",2024-03-20,6470,5689
"1457",2024-03-21,4608,3504
"1458",2024-03-24,5031,4834
"1459",2024-03-25,5251,5271
"1460",2024-03-26,4920,4344
"1461",2024-03-27,6587,5269
"1462",2024-03-28,6887,4698
"1463",2024-03-29,6708,5626
"1464",2024-03-30,6732,4943
"1465",2024-03-31,7420,5522
"1466",2024-04-01,8625,5537
"1467",2024-04-02,10456,4944
"1468",2024-04-03,11935,5008
"1469",2024-04-04,12658,5386
"1470",2024-04-05,13869,6748
"1471",2024-04-06,13608,8087
"1472",2024-04-07,13542,6362
"1473",2024-04-08,13823,5498
"1474",2024-04-09,12143,4233
"1475",2024-04-10,7464,2932
"1476",2024-04-11,5652,3059
"1477",2024-04-12,7118,5438
"1478",2024-04-13,6533,6785
"1479",2024-04-14,9460,10768
"1480",2024-04-15,10564,12414
"1481",2024-04-16,8951,11584
"1482",2024-04-17,8303,10568
"1483",2024-04-18,7667,10015
"1484",2024-04-19,7867,10015
"1485",2024-04-20,8986,11172
"1486",2024-04-21,9329,12175
"1487",2024-04-22,7476,10301
"1488",2024-04-23,6516,9906
"1489",2024-04-24,7510,11029
"1490",2024-04-25,6504,9662
"1491",2024-04-26,6921,9696
"1492",2024-04-27,6925,9830
"1493",2024-04-28,7211,10425
"1494",2024-04-29,6042,10514
"1495",2024-04-30,6824,9615
"1496",2024-05-01,7481,10037
"1497",2024-05-02,6243,8902
"1498",2024-05-03,6806,9896
"1499",2024-05-04,6079,9135
"1500",2024-05-05,7114,10244
"1501",2024-05-06,6918,9707
"1502",2024-05-07,6371,8070
"1503",2024-05-08,8333,9882
"1504",2024-05-09,7649,8589
"1505",2024-05-10,5935,7768
"1506",2024-05-11,5512,7064
"1507",2024-05-12,7406,9158
"1508",2024-05-13,6639,8963
"1509",2024-05-14,6110,7615
"1510",2024-05-15,7591,8484
"1511",2024-05-16,7293,7579
"1512",2024-05-17,7809,8618
"1513",2024-05-18,6812,7185
"1514",2024-05-19,6472,8502
"1515",2024-05-20,7340,7960
"1516",2024-05-21,5838,6617
"1517",2024-05-22,8335,6910
"1518",2024-05-23,7643,6780
"1519",2024-05-24,5961,6886
"1520",2024-05-25,5485,5944
"1521",2024-05-26,7210,9147
"1522",2024-05-27,6593,7933
"1523",2024-05-28,5252,7468
"1524",2024-05-29,5872,6372
"1525",2024-05-30,6861,6985
"1526",2024-05-31,7348,6557
"1527",2024-06-01,6567,6581
"1528",2024-06-02,6583,8011
"1529",2024-06-03,6145,8653
"1530",2024-06-04,6290,7102
"1531",2024-06-05,8590,7123
"1532",2024-06-06,9284,6460
"1533",2024-06-07,9039,6594
"1534",2024-06-08,7837,6386
"1535",2024-06-09,8313,7314
"1536",2024-06-10,8078,7830
"1537",2024-06-11,7071,6854
"1538",2024-06-12,8493,7680
"1539",2024-06-13,8095,6794
"1540",2024-06-14,10207,7767
"1541",2024-06-15,9389,7196
"1542",2024-06-16,9041,5867
"1543",2024-06-17,5820,4095
"1544",2024-06-18,6921,6374
"1545",2024-06-19,8334,8329
"1546",2024-06-20,7915,7509
"1547",2024-06-21,8474,7339
"1548",2024-06-22,7772,8220
"1549",2024-06-23,8721,9239
"1550",2024-06-24,8708,9435
"1551",2024-06-25,7760,8793
"1552",2024-06-26,9377,9755
"1553",2024-06-27,8656,8629
"1554",2024-06-28,9222,9866
"1555",2024-06-29,7992,8894
"1556",2024-06-30,9073,9941
"1557",2024-07-01,7859,9704
"1558",2024-07-02,8369,9132
"1559",2024-07-03,9057,9662
"1560",2024-07-04,8377,9510
"1561",2024-07-05,9329,9651
"1562",2024-07-06,8191,9131
"1563",2024-07-07,8058,9921
"1564",2024-07-08,8044,10612
"1565",2024-07-09,7680,9425
"1566",2024-07-10,8878,10346
"1567",2024-07-11,8465,10188
"1568",2024-07-12,8666,9574
"1569",2024-07-13,7785,10427
"1570",2024-07-14,8015,10611
"1571",2024-07-15,7298,10445
"1572",2024-07-16,6803,8488
"1573",2024-07-17,3683,3236
"1574",2024-07-18,6738,7899
"1575",2024-07-19,8762,7965
"1576",2024-07-20,7132,8473
"1577",2024-07-21,7513,8757
"1578",2024-07-22,7016,8298
"1579",2024-07-23,6588,6928
"1580",2024-07-24,7721,8209
"1581",2024-07-25,6961,7761
"1582",2024-07-26,7462,8096
"1583",2024-07-27,6835,7196
"1584",2024-07-28,7326,7585
"1585",2024-07-29,6861,7289
"1586",2024-07-30,6093,6337
"1587",2024-07-31,7790,7307
"1588",2024-08-01,7148,6675
"1589",2024-08-02,7652,6539
"1590",2024-08-03,7014,6615
"1591",2024-08-04,6693,7045
"1592",2024-08-05,6758,7465
"1593",2024-08-06,6636,7142
"1594",2024-08-07,7512,7413
"1595",2024-08-08,7428,6780
"1596",2024-08-09,8062,7673
"1597",2024-08-10,7966,7701
"1598",2024-08-11,7873,8496
"1599",2024-08-12,7758,8473
"1600",2024-08-13,7515,6488
"1601",2024-08-14,7841,6895
"1602",2024-08-15,7232,6570
"1603",2024-08-16,8058,6946
"1604",2024-08-17,6306,5037
"1605",2024-08-18,8640,7278
"1606",2024-08-19,8614,7670
"1607",2024-08-20,7702,6907
"1608",2024-08-21,8033,7226
"1609",2024-08-22,7779,6748
"1610",2024-08-23,8586,7834
"1611",2024-08-24,7523,7305
"1612",2024-08-25,7687,8202
"1613",2024-08-26,7469,8357
"1614",2024-08-27,7355,7231
"1615",2024-08-28,7705,7509
"1616",2024-08-29,7148,6986
"1617",2024-08-30,8197,7836
"1618",2024-08-31,7473,7312
"1619",2024-09-01,7588,8107
"1620",2024-09-02,7276,8279
"1621",2024-09-03,6417,6891
"1622",2024-09-04,7491,7996
"1623",2024-09-05,7464,7601
"1624",2024-09-06,8052,8567
"1625",2024-09-07,7540,8638
"1626",2024-09-08,7632,8550
"1627",2024-09-09,8049,8162
"1628",2024-09-10,7812,7155
"1629",2024-09-11,9704,9211
"1630",2024-09-12,8618,8204
"1631",2024-09-13,10951,8713
"1632",2024-09-14,9038,8271
"1633",2024-09-15,7594,7054
"1634",2024-09-16,9895,9192
"1635",2024-09-17,7780,8141
"1636",2024-09-18,8053,8122
"1637",2024-09-19,6900,7385
"1638",2024-09-20,7610,7546
"1639",2024-09-21,6664,7679
"1640",2024-09-22,6696,8721
"1641",2024-09-23,6636,7962
"1642",2024-09-24,6579,7431
"1643",2024-09-25,8408,8289
"1644",2024-09-26,7297,7072
"1645",2024-09-27,8976,7716
"1646",2024-09-28,7281,7255
"1647",2024-09-29,7486,8194
"1648",2024-09-30,7139,8341
