"","tanggal","brgkt","tiba","passenger","libur","r2023","r2024","i2023","i2024","kemerdekaan","baruislam","cek"
"1",2022-09-30,5737,5487,11224,0,0,0,0,0,0,0,0
"2",2022-10-01,4821,4738,9559,1,0,0,0,0,0,0,0
"3",2022-10-02,4979,5144,10123,1,0,0,0,0,0,0,0
"4",2022-10-03,4304,4829,9133,0,0,0,0,0,0,0,0
"5",2022-10-04,4794,4704,9498,0,0,0,0,0,0,0,0
"6",2022-10-05,5313,4937,10250,0,0,0,0,0,0,0,0
"7",2022-10-06,5696,4841,10537,0,0,0,0,0,0,0,0
"8",2022-10-07,5901,4863,10764,0,0,0,0,0,0,0,0
"9",2022-10-08,4881,4623,9504,1,0,0,0,0,0,0,0
"10",2022-10-09,5116,5974,11090,1,0,0,0,0,0,0,0
"11",2022-10-10,4960,5599,10559,0,0,0,0,0,0,0,0
"12",2022-10-11,4551,5386,9937,0,0,0,0,0,0,0,0
"13",2022-10-12,5507,5536,11043,0,0,0,0,0,0,0,0
"14",2022-10-13,5975,5299,11274,0,0,0,0,0,0,0,0
"15",2022-10-14,5922,5228,11150,0,0,0,0,0,0,0,0
"16",2022-10-15,5486,4951,10437,1,0,0,0,0,0,0,0
"17",2022-10-16,4635,5971,10606,1,0,0,0,0,0,0,0
"18",2022-10-17,4999,5393,10392,0,0,0,0,0,0,0,0
"19",2022-10-18,4516,4294,8810,0,0,0,0,0,0,0,0
"20",2022-10-19,5664,5314,10978,0,0,0,0,0,0,0,0
"21",2022-10-20,6023,4927,10950,0,0,0,0,0,0,0,0
"22",2022-10-21,5619,5231,10850,0,0,0,0,0,0,0,0
"23",2022-10-22,4457,5212,9669,1,0,0,0,0,0,0,0
"24",2022-10-23,4883,6124,11007,1,0,0,0,0,0,0,0
"25",2022-10-24,4626,5406,10032,0,0,0,0,0,0,0,0
"26",2022-10-25,4626,5032,9658,0,0,0,0,0,0,0,0
"27",2022-10-26,5330,4863,10193,0,0,0,0,0,0,0,0
"28",2022-10-27,5738,5267,11005,0,0,0,0,0,0,0,0
"29",2022-10-28,6172,5273,11445,0,0,0,0,0,0,0,0
"30",2022-10-29,4853,5164,10017,1,0,0,0,0,0,0,0
"31",2022-10-30,5126,5805,10931,1,0,0,0,0,0,0,0
"32",2022-10-31,4749,5588,10337,0,0,0,0,0,0,0,0
"33",2022-11-01,4365,4380,8745,0,0,0,0,0,0,0,0
"34",2022-11-02,5036,4869,9905,0,0,0,0,0,0,0,0
"35",2022-11-03,6450,5560,12010,0,0,0,0,0,0,0,0
"36",2022-11-04,5733,5248,10981,0,0,0,0,0,0,0,0
"37",2022-11-05,5127,5285,10412,1,0,0,0,0,0,0,0
"38",2022-11-06,5560,6061,11621,1,0,0,0,0,0,0,0
"39",2022-11-07,5247,5429,10676,0,0,0,0,0,0,0,0
"40",2022-11-08,4948,4901,9849,0,0,0,0,0,0,0,0
"41",2022-11-09,5932,5993,11925,0,0,0,0,0,0,0,0
"42",2022-11-10,6051,5613,11664,0,0,0,0,0,0,0,0
"43",2022-11-11,5821,5338,11159,0,0,0,0,0,0,0,0
"44",2022-11-12,5449,5670,11119,1,0,0,0,0,0,0,0
"45",2022-11-13,5786,3860,9646,1,0,0,0,0,0,0,0
"46",2022-11-14,5179,6015,11194,0,0,0,0,0,0,0,0
"47",2022-11-15,5635,5360,10995,0,0,0,0,0,0,0,0
"48",2022-11-16,6012,5757,11769,0,0,0,0,0,0,0,0
"49",2022-11-17,6084,5829,11913,0,0,0,0,0,0,0,0
"50",2022-11-18,6145,5359,11504,0,0,0,0,0,0,0,0
"51",2022-11-19,5491,5883,11374,1,0,0,0,0,0,0,0
"52",2022-11-20,5740,6379,12119,1,0,0,0,0,0,0,0
"53",2022-11-21,5525,6293,11818,0,0,0,0,0,0,0,0
"54",2022-11-22,5585,6288,11873,0,0,0,0,0,0,0,0
"55",2022-11-23,5201,5678,10879,0,0,0,0,0,0,0,0
"56",2022-11-24,6420,6229,12649,0,0,0,0,0,0,0,0
"57",2022-11-25,5945,6187,12132,0,0,0,0,0,0,0,0
"58",2022-11-26,5227,6511,11738,1,0,0,0,0,0,0,0
"59",2022-11-27,5616,6722,12338,1,0,0,0,0,0,0,0
"60",2022-11-28,5419,5977,11396,0,0,0,0,0,0,0,0
"61",2022-11-29,5565,5544,11109,0,0,0,0,0,0,0,0
"62",2022-11-30,6430,6487,12917,0,0,0,0,0,0,0,0
"63",2022-12-01,6253,5769,12022,0,0,0,0,0,0,0,0
"64",2022-12-02,5850,5542,11392,0,0,0,0,0,0,0,0
"65",2022-12-03,5291,5773,11064,1,0,0,0,0,0,0,0
"66",2022-12-04,5736,6615,12351,1,0,0,0,0,0,0,0
"67",2022-12-05,5516,5697,11213,0,0,0,0,0,0,0,0
"68",2022-12-06,5825,5907,11732,0,0,0,0,0,0,0,0
"69",2022-12-07,6927,6735,13662,0,0,0,0,0,0,0,0
"70",2022-12-08,6852,6392,13244,0,0,0,0,0,0,0,0
"71",2022-12-09,7005,5978,12983,0,0,0,0,0,0,0,0
"72",2022-12-10,7006,6875,13881,1,0,0,0,0,0,0,0
"73",2022-12-11,6988,7025,14013,1,0,0,0,0,0,0,0
"74",2022-12-12,7155,6909,14064,0,0,0,0,0,0,0,0
"75",2022-12-13,7695,6046,13741,0,0,0,0,0,0,0,0
"76",2022-12-14,7638,6800,14438,0,0,0,0,0,0,0,0
"77",2022-12-15,7896,7099,14995,0,0,0,0,0,0,0,0
"78",2022-12-16,7567,6709,14276,0,0,0,0,0,0,0,0
"79",2022-12-17,7420,6632,14052,1,0,0,0,0,0,0,0
"80",2022-12-18,7402,7021,14423,1,0,0,0,0,0,0,0
"81",2022-12-19,7051,6383,13434,0,0,0,0,0,0,0,0
"82",2022-12-20,7221,6670,13891,0,0,0,0,0,0,0,0
"83",2022-12-21,7689,7002,14691,0,0,0,0,0,0,0,0
"84",2022-12-22,7655,6875,14530,0,0,0,0,0,0,0,0
"85",2022-12-23,7528,6336,13864,0,0,0,0,0,0,0,0
"86",2022-12-24,7084,6701,13785,1,0,0,0,0,0,0,0
"87",2022-12-25,6429,6314,12743,1,0,0,0,0,0,0,0
"88",2022-12-26,6244,5834,12078,0,0,0,0,0,0,0,0
"89",2022-12-27,6407,6122,12529,0,0,0,0,0,0,0,0
"90",2022-12-28,6007,5850,11857,0,0,0,0,0,0,0,0
"91",2022-12-29,5966,5797,11763,0,0,0,0,0,0,0,0
"92",2022-12-30,5624,6042,11666,0,0,0,0,0,0,0,0
"93",2022-12-31,4941,6129,11070,1,0,0,0,0,0,0,0
"94",2023-01-01,4521,5772,10293,1,0,0,0,0,0,0,0
"95",2023-01-02,5283,6737,12020,0,0,0,0,0,0,0,0
"96",2023-01-03,5352,7307,12659,0,0,0,0,0,0,0,0
"97",2023-01-04,5989,7137,13126,0,0,0,0,0,0,0,0
"98",2023-01-05,5884,7443,13327,0,0,0,0,0,0,0,0
"99",2023-01-06,6299,6943,13242,0,0,0,0,0,0,0,0
"100",2023-01-07,6002,6801,12803,1,0,0,0,0,0,0,0
"101",2023-01-08,6354,7200,13554,1,0,0,0,0,0,0,0
"102",2023-01-09,5380,7035,12415,0,0,0,0,0,0,0,0
"103",2023-01-10,5660,7112,12772,0,0,0,0,0,0,0,0
"104",2023-01-11,5878,7078,12956,0,0,0,0,0,0,0,0
"105",2023-01-12,5630,6642,12272,0,0,0,0,0,0,0,0
"106",2023-01-13,6313,6126,12439,0,0,0,0,0,0,0,0
"107",2023-01-14,6148,6592,12740,1,0,0,0,0,0,0,0
"108",2023-01-15,6292,6752,13044,1,0,0,0,0,0,0,0
"109",2023-01-16,5512,6621,12133,0,0,0,0,0,0,0,0
"110",2023-01-17,5188,6330,11518,0,0,0,0,0,0,0,0
"111",2023-01-18,5894,6344,12238,0,0,0,0,0,0,0,0
"112",2023-01-19,6453,6580,13033,0,0,0,0,0,0,0,0
"113",2023-01-20,7702,6803,14505,0,0,0,0,0,0,0,0
"114",2023-01-21,6865,6747,13612,1,0,0,0,0,0,0,0
"115",2023-01-22,5755,5922,11677,1,0,0,0,0,0,0,0
"116",2023-01-23,5831,7154,12985,0,0,0,0,0,0,0,0
"117",2023-01-24,5437,6532,11969,0,0,0,0,0,0,0,0
"118",2023-01-25,6355,6184,12539,0,0,0,0,0,0,0,0
"119",2023-01-26,6175,5996,12171,0,0,0,0,0,0,0,0
"120",2023-01-27,6493,5668,12161,0,0,0,0,0,0,0,0
"121",2023-01-28,6374,6222,12596,1,0,0,0,0,0,0,0
"122",2023-01-29,5764,6791,12555,1,0,0,0,0,0,0,0
"123",2023-01-30,5300,6963,12263,0,0,0,0,0,0,0,0
"124",2023-01-31,5790,6394,12184,0,0,0,0,0,0,0,0
"125",2023-02-01,6126,6532,12658,0,0,0,0,0,0,0,0
"126",2023-02-02,6204,5917,12121,0,0,0,0,0,0,0,0
"127",2023-02-03,6403,5615,12018,0,0,0,0,0,0,0,0
"128",2023-02-04,6010,6072,12082,1,0,0,0,0,0,0,0
"129",2023-02-05,6303,6783,13086,1,0,0,0,0,0,0,0
"130",2023-02-06,5823,6501,12324,0,0,0,0,0,0,0,0
"131",2023-02-07,4358,4514,8872,0,0,0,0,0,0,0,0
"132",2023-02-08,6570,6882,13452,0,0,0,0,0,0,0,0
"133",2023-02-09,6790,6069,12859,0,0,0,0,0,0,0,0
"134",2023-02-10,7166,5832,12998,0,0,0,0,0,0,0,0
"135",2023-02-11,7166,5832,12998,1,0,0,0,0,0,0,0
"136",2023-02-12,6792,6767,13559,1,0,0,0,0,0,0,0
"137",2023-02-13,6057,6695,12752,0,0,0,0,0,0,0,0
"138",2023-02-14,5962,6552,12514,0,0,0,0,0,0,0,0
"139",2023-02-15,7170,7160,14330,0,0,0,0,0,0,0,0
"140",2023-02-16,7140,6597,13737,0,0,0,0,0,0,0,0
"141",2023-02-17,7705,6518,14223,0,0,0,0,0,0,0,0
"142",2023-02-18,7315,6685,14000,1,0,0,0,0,0,0,0
"143",2023-02-19,6951,7716,14667,1,0,0,0,0,0,0,0
"144",2023-02-20,6230,7678,13908,0,0,0,0,0,0,0,0
"145",2023-02-21,6725,8015,14740,0,0,0,0,0,0,0,0
"146",2023-02-22,7459,7848,15307,0,0,0,0,0,0,0,0
"147",2023-02-23,7299,6948,14247,0,0,0,0,0,0,0,0
"148",2023-02-24,7718,6699,14417,0,0,0,0,0,0,0,0
"149",2023-02-25,8149,7346,15495,1,0,0,0,0,0,0,0
"150",2023-02-26,7459,6892,14351,1,0,0,0,0,0,0,0
"151",2023-02-27,7220,6923,14143,0,0,0,0,0,0,0,0
"152",2023-02-28,7080,7002,14082,0,0,0,0,0,0,0,0
"153",2023-03-01,7000,6576,13576,0,0,0,0,0,0,0,0
"154",2023-03-02,6561,6044,12605,0,0,0,0,0,0,0,0
"155",2023-03-03,7210,6293,13503,0,0,0,0,0,0,0,0
"156",2023-03-04,6619,6636,13255,1,0,0,0,0,0,0,0
"157",2023-03-05,6679,6681,13360,1,0,0,0,0,0,0,0
"158",2023-03-06,6231,7169,13400,0,0,0,0,0,0,0,0
"159",2023-03-07,6465,6760,13225,0,0,0,0,0,0,0,0
"160",2023-03-08,7095,6973,14068,0,0,0,0,0,0,0,0
"161",2023-03-09,6874,6490,13364,0,0,0,0,0,0,0,0
"162",2023-03-10,7455,6610,14065,0,0,0,0,0,0,0,0
"163",2023-03-11,7263,6847,14110,1,0,0,0,0,0,0,0
"164",2023-03-12,7144,6965,14109,1,0,0,0,0,0,0,0
"165",2023-03-13,7138,7378,14516,0,0,0,0,0,0,0,0
"166",2023-03-14,7062,7093,14155,0,0,0,0,0,0,0,0
"167",2023-03-15,7859,7401,15260,0,10000,0,0,0,0,0,0
"168",2023-03-16,7575,7256,14831,0,10000,0,0,0,0,0,0
"169",2023-03-17,7967,7136,15103,0,10000,0,0,0,0,0,0
"170",2023-03-18,7228,7216,14444,1,10000,0,0,0,0,0,0
"171",2023-03-19,6406,6957,13363,1,10000,0,0,0,0,0,0
"172",2023-03-20,6359,6961,13320,0,10000,0,0,0,0,0,0
"173",2023-03-21,6758,6294,13052,0,10000,0,0,0,0,0,0
"174",2023-03-22,6404,6206,12610,0,10000,0,0,0,0,0,0
"175",2023-03-23,4694,4328,9022,0,10000,0,0,0,0,0,0
"176",2023-03-24,4133,4036,8169,0,10000,0,0,0,0,0,0
"177",2023-03-25,4439,4511,8950,1,10000,0,0,0,0,0,0
"178",2023-03-26,5278,5552,10830,1,10000,0,0,0,0,0,0
"179",2023-03-27,5034,5508,10542,0,10000,0,0,0,0,0,0
"180",2023-03-28,4731,4640,9371,0,10000,0,0,0,0,0,0
"181",2023-03-29,5134,4907,10041,0,10000,0,0,0,0,0,0
"182",2023-03-30,5500,4720,10220,0,10000,0,0,0,0,0,0
"183",2023-03-31,5180,4539,9719,0,10000,0,0,0,0,0,0
"184",2023-04-01,4917,4498,9415,1,10000,0,0,0,0,0,0
"185",2023-04-02,4189,4226,8415,1,10000,0,0,0,0,0,0
"186",2023-04-03,4151,4468,8619,0,10000,0,0,0,0,0,0
"187",2023-04-04,4738,4494,9232,0,10000,0,0,0,0,0,0
"188",2023-04-05,5515,4896,10411,0,10000,0,0,0,0,0,0
"189",2023-04-06,6257,4708,10965,0,10000,0,0,0,0,0,0
"190",2023-04-07,5134,4363,9497,0,10000,0,0,0,0,0,0
"191",2023-04-08,4956,4275,9231,1,10000,0,0,0,0,0,0
"192",2023-04-09,5453,5432,10885,1,10000,0,0,0,0,0,0
"193",2023-04-10,5851,5488,11339,0,10000,0,0,0,0,0,0
"194",2023-04-11,5516,4809,10325,0,10000,0,0,0,0,0,0
"195",2023-04-12,6565,5427,11992,0,10000,0,0,0,0,0,0
"196",2023-04-13,7383,5239,12622,0,10000,0,0,0,0,0,0
"197",2023-04-14,9547,6314,15861,0,10000,0,0,0,0,0,0
"198",2023-04-15,10906,7272,18178,1,10000,0,0,0,0,0,0
"199",2023-04-16,10741,6359,17100,1,10000,0,0,0,0,0,0
"200",2023-04-17,11050,5371,16421,0,10000,0,0,0,0,0,0
"201",2023-04-18,12021,6612,18633,0,10000,0,0,0,0,0,0
"202",2023-04-19,12388,7655,20043,0,10000,0,0,0,0,0,0
"203",2023-04-20,11618,6345,17963,0,10000,0,0,0,0,0,0
"204",2023-04-21,10021,4271,14292,0,10000,0,0,0,0,0,0
"205",2023-04-22,5159,2139,7298,1,10000,0,0,0,0,0,0
"206",2023-04-23,5808,3904,9712,1,10000,0,0,0,0,0,0
"207",2023-04-24,7209,5658,12867,0,10000,0,0,0,0,0,0
"208",2023-04-25,7411,7303,14714,0,10000,0,0,0,0,0,0
"209",2023-04-26,7538,8245,15783,0,10000,0,0,0,0,0,0
"210",2023-04-27,6954,7631,14585,0,10000,0,0,0,0,0,0
"211",2023-04-28,7420,8629,16049,0,10000,0,0,0,0,0,0
"212",2023-04-29,8118,9968,18086,1,0,0,0,0,0,0,0
"213",2023-04-30,8970,10929,19899,1,0,0,0,0,0,0,0
"214",2023-05-01,9472,11004,20476,0,0,0,0,0,0,0,0
"215",2023-05-02,7850,9545,17395,0,0,0,0,0,0,0,0
"216",2023-05-03,7657,9824,17481,0,0,0,0,0,0,0,0
"217",2023-05-04,7515,9460,16975,0,0,0,0,0,0,0,0
"218",2023-05-05,7646,9679,17325,0,0,0,0,0,0,0,0
"219",2023-05-06,7336,9572,16908,1,0,0,0,0,0,0,0
"220",2023-05-07,7525,9732,17257,1,0,0,0,0,0,0,0
"221",2023-05-08,6769,9168,15937,0,0,0,0,0,0,0,0
"222",2023-05-09,6509,9261,15770,0,0,0,0,0,0,0,0
"223",2023-05-10,7562,9320,16882,0,0,0,0,0,0,0,0
"224",2023-05-11,6471,9551,16022,0,0,0,0,0,0,0,0
"225",2023-05-12,6810,9427,16237,0,0,0,0,0,0,0,0
"226",2023-05-13,6686,9069,15755,1,0,0,0,0,0,0,0
"227",2023-05-14,6932,9613,16545,1,0,0,0,0,0,0,0
"228",2023-05-15,6952,9246,16198,0,0,0,0,0,0,0,0
"229",2023-05-16,6071,9225,15296,0,0,0,0,0,0,0,0
"230",2023-05-17,8257,9702,17959,0,0,0,0,0,0,0,0
"231",2023-05-18,7842,9432,17274,0,0,0,0,0,0,0,0
"232",2023-05-19,5854,8476,14330,0,0,0,0,0,0,0,0
"233",2023-05-20,5879,8336,14215,1,0,0,0,0,0,0,0
"234",2023-05-21,7127,9131,16258,1,0,0,0,0,0,0,0
"235",2023-05-22,6446,9100,15546,0,0,0,0,0,0,0,0
"236",2023-05-23,6292,7658,13950,0,0,0,0,0,0,0,0
"237",2023-05-24,6786,8268,15054,0,0,0,0,0,0,0,0
"238",2023-05-25,6979,7935,14914,0,0,0,0,0,0,0,0
"239",2023-05-26,7588,7534,15122,0,0,0,0,0,0,0,0
"240",2023-05-27,6390,7133,13523,1,0,0,0,0,0,0,0
"241",2023-05-28,7530,8112,15642,1,0,0,0,0,0,0,0
"242",2023-05-29,6593,7668,14261,0,0,0,0,0,0,0,0
"243",2023-05-30,7177,7868,15045,0,0,0,0,0,0,0,0
"244",2023-05-31,8949,7536,16485,0,0,0,0,0,0,0,0
"245",2023-06-01,8128,8227,16355,0,0,0,0,0,0,0,0
"246",2023-06-02,5582,7393,12975,0,0,0,0,0,0,0,0
"247",2023-06-03,5132,6178,11310,1,0,0,0,0,0,0,0
"248",2023-06-04,6595,8260,14855,1,0,0,0,0,0,0,0
"249",2023-06-05,6304,9404,15708,0,0,0,0,0,0,0,0
"250",2023-06-06,5984,6796,12780,0,0,0,0,0,0,0,0
"251",2023-06-07,6616,7960,14576,0,0,0,0,0,0,0,0
"252",2023-06-08,6899,6443,13342,0,0,0,0,0,0,0,0
"253",2023-06-09,6989,6517,13506,0,0,0,0,0,0,0,0
"254",2023-06-10,6830,7387,14217,1,0,0,0,0,0,0,0
"255",2023-06-11,7631,7091,14722,1,0,0,0,0,0,0,0
"256",2023-06-12,7022,7200,14222,0,0,0,0,0,0,0,0
"257",2023-06-13,7091,6442,13533,0,0,0,0,0,0,0,0
"258",2023-06-14,8598,8126,16724,0,0,0,0,0,0,0,0
"259",2023-06-15,9241,7571,16812,0,0,0,0,0,0,0,0
"260",2023-06-16,8803,7380,16183,0,0,0,0,0,0,0,0
"261",2023-06-17,9322,7763,17085,1,0,0,0,0,0,0,0
"262",2023-06-18,10038,8141,18179,1,0,0,0,0,0,0,0
"263",2023-06-19,9265,7245,16510,0,0,0,0,0,0,0,0
"264",2023-06-20,9051,7489,16540,0,0,0,0,0,0,0,0
"265",2023-06-21,9895,7773,17668,0,0,0,0,0,0,0,0
"266",2023-06-22,9556,7455,17011,0,0,0,0,0,0,0,0
"267",2023-06-23,9250,8330,17580,0,0,0,0,0,0,0,0
"268",2023-06-24,9446,8415,17861,1,0,0,0,0,0,0,0
"269",2023-06-25,9704,9259,18963,1,0,0,0,0,0,0,0
"270",2023-06-26,8872,8538,17410,0,0,0,0,0,0,0,0
"271",2023-06-27,3673,7755,11428,0,0,0,10000,0,0,0,0
"272",2023-06-28,8940,7682,16622,0,0,0,10000,0,0,0,0
"273",2023-06-29,5570,4760,10330,0,0,0,10000,0,0,0,10000
"274",2023-06-30,6883,7007,13890,0,0,0,10000,0,0,0,0
"275",2023-07-01,6791,6984,13775,1,0,0,0,0,0,0,0
"276",2023-07-02,7998,9187,17185,1,0,0,0,0,0,0,0
"277",2023-07-03,7496,8788,16284,0,0,0,0,0,0,0,0
"278",2023-07-04,7273,8828,16101,0,0,0,0,0,0,0,0
"279",2023-07-05,8557,10048,18605,0,0,0,0,0,0,0,0
"280",2023-07-06,8148,9713,17861,0,0,0,0,0,0,0,0
"281",2023-07-07,7973,9705,17678,0,0,0,0,0,0,0,0
"282",2023-07-08,7397,9686,17083,1,0,0,0,0,0,0,0
"283",2023-07-09,7762,10047,17809,1,0,0,0,0,0,0,0
"284",2023-07-10,7674,9874,17548,0,0,0,0,0,0,0,0
"285",2023-07-11,7265,10953,18218,0,0,0,0,0,0,0,0
"286",2023-07-12,8403,10690,19093,0,0,0,0,0,0,0,0
"287",2023-07-13,7763,10037,17800,0,0,0,0,0,0,0,0
"288",2023-07-14,8054,8959,17013,0,0,0,0,0,0,0,0
"289",2023-07-15,7800,9512,17312,1,0,0,0,0,0,0,0
"290",2023-07-16,7758,9445,17203,1,0,0,0,0,0,0,0
"291",2023-07-17,6046,7652,13698,0,0,0,0,0,0,0,0
"292",2023-07-18,6562,7940,14502,0,0,0,0,0,0,0,0
"293",2023-07-19,7811,9125,16936,0,0,0,0,0,0,10000,0
"294",2023-07-20,7045,7962,15007,0,0,0,0,0,0,0,0
"295",2023-07-21,7294,6768,14062,0,0,0,0,0,0,0,0
"296",2023-07-22,7001,8191,15192,1,0,0,0,0,0,0,0
"297",2023-07-23,7560,8748,16308,1,0,0,0,0,0,0,0
"298",2023-07-24,7610,7643,15253,0,0,0,0,0,0,0,0
"299",2023-07-25,6927,8076,15003,0,0,0,0,0,0,0,0
"300",2023-07-26,7188,7594,14782,0,0,0,0,0,0,0,0
"301",2023-07-27,6824,7225,14049,0,0,0,0,0,0,0,0
"302",2023-07-28,7521,6556,14077,0,0,0,0,0,0,0,0
"303",2023-07-29,6204,7228,13432,1,0,0,0,0,0,0,0
"304",2023-07-30,5918,7642,13560,1,0,0,0,0,0,0,0
"305",2023-07-31,6013,7292,13305,0,0,0,0,0,0,0,0
"306",2023-08-01,6121,6568,12689,0,0,0,0,0,0,0,0
"307",2023-08-02,7177,7141,14318,0,0,0,0,0,0,0,0
"308",2023-08-03,6217,6396,12613,0,0,0,0,0,0,0,0
"309",2023-08-04,6922,6015,12937,0,0,0,0,0,0,0,0
"310",2023-08-05,6672,6298,12970,1,0,0,0,0,0,0,0
"311",2023-08-06,6539,7381,13920,1,0,0,0,0,0,0,0
"312",2023-08-07,6457,7352,13809,0,0,0,0,0,0,0,0
"313",2023-08-08,5438,5583,11021,0,0,0,0,0,0,0,0
"314",2023-08-09,7027,6742,13769,0,0,0,0,0,0,0,0
"315",2023-08-10,7257,6540,13797,0,0,0,0,0,0,0,0
"316",2023-08-11,7154,6394,13548,0,0,0,0,0,0,0,0
"317",2023-08-12,7083,6204,13287,1,0,0,0,0,0,0,0
"318",2023-08-13,7122,7231,14353,1,0,0,0,0,0,0,0
"319",2023-08-14,6481,6809,13290,0,0,0,0,0,0,0,0
"320",2023-08-15,5898,5705,11603,0,0,0,0,0,0,0,0
"321",2023-08-16,6762,6162,12924,0,0,0,0,0,0,0,0
"322",2023-08-17,6139,4701,10840,0,0,0,0,0,0,0,0
"323",2023-08-18,5795,5212,11007,0,0,0,0,0,0,0,0
"324",2023-08-19,6222,5575,11797,1,0,0,0,0,0,0,0
"325",2023-08-20,6758,7198,13956,1,0,0,0,0,0,0,0
"326",2023-08-21,6542,7616,14158,0,0,0,0,0,0,0,0
"327",2023-08-22,7400,6643,14043,0,0,0,0,0,0,0,0
"328",2023-08-23,7196,7210,14406,0,0,0,0,0,0,0,0
"329",2023-08-24,6663,6333,12996,0,0,0,0,0,0,0,0
"330",2023-08-25,6754,6400,13154,0,0,0,0,0,0,0,0
"331",2023-08-26,6897,6414,13311,1,0,0,0,0,0,0,0
"332",2023-08-27,6753,7222,13975,1,0,0,0,0,0,0,0
"333",2023-08-28,6066,7106,13172,0,0,0,0,0,0,0,0
"334",2023-08-29,5918,6020,11938,0,0,0,0,0,0,0,0
"335",2023-08-30,7205,7375,14580,0,0,0,0,0,0,0,0
"336",2023-08-31,6607,6494,13101,0,0,0,0,0,0,0,0
"337",2023-09-01,6803,6751,13554,0,0,0,0,0,0,0,0
"338",2023-09-02,6492,6432,12924,1,0,0,0,0,0,0,0
"339",2023-09-03,6590,7182,13772,1,0,0,0,0,0,0,0
"340",2023-09-04,6000,6963,12963,0,0,0,0,0,0,0,0
"341",2023-09-05,6053,6344,12397,0,0,0,0,0,0,0,0
"342",2023-09-06,6798,8243,15041,0,0,0,0,0,0,0,0
"343",2023-09-07,6446,6099,12545,0,0,0,0,0,0,0,0
"344",2023-09-08,6949,6813,13762,0,0,0,0,0,0,0,0
"345",2023-09-09,6078,6294,12372,1,0,0,0,0,0,0,0
"346",2023-09-10,6333,7046,13379,1,0,0,0,0,0,0,0
"347",2023-09-11,5989,6978,12967,0,0,0,0,0,0,0,0
"348",2023-09-12,5853,6148,12001,0,0,0,0,0,0,0,0
"349",2023-09-13,7407,7331,14738,0,0,0,0,0,0,0,0
"350",2023-09-14,6707,5954,12661,0,0,0,0,0,0,0,0
"351",2023-09-15,7335,6622,13957,0,0,0,0,0,0,0,0
"352",2023-09-16,6170,6103,12273,1,0,0,0,0,0,0,0
"353",2023-09-17,6706,7596,14302,1,0,0,0,0,0,0,0
"354",2023-09-18,6143,7345,13488,0,0,0,0,0,0,0,0
"355",2023-09-19,5777,6464,12241,0,0,0,0,0,0,0,0
"356",2023-09-20,7451,7537,14988,0,0,0,0,0,0,0,0
"357",2023-09-21,6617,6392,13009,0,0,0,0,0,0,0,0
"358",2023-09-22,6865,6421,13286,0,0,0,0,0,0,0,0
"359",2023-09-23,6817,6345,13162,1,0,0,0,0,0,0,0
"360",2023-09-24,7057,6832,13889,1,0,0,0,0,0,0,0
"361",2023-09-25,6580,6800,13380,0,0,0,0,0,0,0,0
"362",2023-09-26,6020,5138,11158,0,0,0,0,0,0,0,0
"363",2023-09-27,5468,5086,10554,0,0,0,0,0,0,0,0
"364",2023-09-28,6914,6659,13573,0,0,0,0,0,0,0,0
"365",2023-09-29,5778,6324,12102,0,0,0,0,0,0,0,0
"366",2023-09-30,5830,6056,11886,1,0,0,0,0,0,0,0
"367",2023-10-01,7837,8195,16032,1,0,0,0,0,0,0,0
"368",2023-10-02,6660,7640,14300,0,0,0,0,0,0,0,0
"369",2023-10-03,6012,6291,12303,0,0,0,0,0,0,0,0
"370",2023-10-04,7587,8586,16173,0,0,0,0,0,0,0,0
"371",2023-10-05,7284,7085,14369,0,0,0,0,0,0,0,0
"372",2023-10-06,7439,6376,13815,0,0,0,0,0,0,0,0
"373",2023-10-07,6300,6311,12611,1,0,0,0,0,0,0,0
"374",2023-10-08,7104,7744,14848,1,0,0,0,0,0,0,0
"375",2023-10-09,6236,7658,13894,0,0,0,0,0,0,0,0
"376",2023-10-10,6628,6610,13238,0,0,0,0,0,0,0,0
"377",2023-10-11,7812,7393,15205,0,0,0,0,0,0,0,0
"378",2023-10-12,7709,6668,14377,0,0,0,0,0,0,0,0
"379",2023-10-13,7757,6335,14092,0,0,0,0,0,0,0,0
"380",2023-10-14,6160,6607,12767,1,0,0,0,0,0,0,0
"381",2023-10-15,7015,7641,14656,1,0,0,0,0,0,0,0
"382",2023-10-16,6511,7571,14082,0,0,0,0,0,0,0,0
"383",2023-10-17,6138,6899,13037,0,0,0,0,0,0,0,0
"384",2023-10-18,7552,7421,14973,0,0,0,0,0,0,0,0
"385",2023-10-19,6972,6450,13422,0,0,0,0,0,0,0,0
"386",2023-10-20,7548,6794,14342,0,0,0,0,0,0,0,0
"387",2023-10-21,5861,6148,12009,1,0,0,0,0,0,0,0
"388",2023-10-22,6330,7668,13998,1,0,0,0,0,0,0,0
"389",2023-10-23,6489,7517,14006,0,0,0,0,0,0,0,0
"390",2023-10-24,6252,6253,12505,0,0,0,0,0,0,0,0
"391",2023-10-25,7732,7491,15223,0,0,0,0,0,0,0,0
"392",2023-10-26,8761,7314,16075,0,0,0,0,0,0,0,0
"393",2023-10-27,7112,7174,14286,0,0,0,0,0,0,0,0
"394",2023-10-28,6580,7750,14330,1,0,0,0,0,0,0,0
"395",2023-10-29,6464,6712,13176,1,0,0,0,0,0,0,0
"396",2023-10-30,6836,7966,14802,0,0,0,0,0,0,0,0
"397",2023-10-31,5838,6717,12555,0,0,0,0,0,0,0,0
"398",2023-11-01,7150,7230,14380,0,0,0,0,0,0,0,0
"399",2023-11-02,7761,6976,14737,0,0,0,0,0,0,0,0
"400",2023-11-03,7879,6496,14375,0,0,0,0,0,0,0,0
"401",2023-11-04,6460,6389,12849,1,0,0,0,0,0,0,0
"402",2023-11-05,6511,7494,14005,1,0,0,0,0,0,0,0
"403",2023-11-06,6768,7950,14718,0,0,0,0,0,0,0,0
"404",2023-11-07,6174,6377,12551,0,0,0,0,0,0,0,0
"405",2023-11-08,7385,7191,14576,0,0,0,0,0,0,0,0
"406",2023-11-09,7617,6713,14330,0,0,0,0,0,0,0,0
"407",2023-11-10,7663,7226,14889,0,0,0,0,0,0,0,0
"408",2023-11-11,5738,6523,12261,1,0,0,0,0,0,0,0
"409",2023-11-12,6566,7972,14538,1,0,0,0,0,0,0,0
"410",2023-11-13,6759,7947,14706,0,0,0,0,0,0,0,0
"411",2023-11-14,6053,5956,12009,0,0,0,0,0,0,0,0
"412",2023-11-15,7879,7733,15612,0,0,0,0,0,0,0,0
"413",2023-11-16,7720,7321,15041,0,0,0,0,0,0,0,0
"414",2023-11-17,7295,7119,14414,0,0,0,0,0,0,0,0
"415",2023-11-18,6194,7087,13281,1,0,0,0,0,0,0,0
"416",2023-11-19,6960,8346,15306,1,0,0,0,0,0,0,0
"417",2023-11-20,7232,8481,15713,0,0,0,0,0,0,0,0
"418",2023-11-21,5863,5957,11820,0,0,0,0,0,0,0,0
"419",2023-11-22,7305,7168,14473,0,0,0,0,0,0,0,0
"420",2023-11-23,7102,6876,13978,0,0,0,0,0,0,0,0
"421",2023-11-24,7741,6904,14645,0,0,0,0,0,0,0,0
"422",2023-11-25,6451,7681,14132,1,0,0,0,0,0,0,0
"423",2023-11-26,7418,8166,15584,1,0,0,0,0,0,0,0
"424",2023-11-27,7552,8489,16041,0,0,0,0,0,0,0,0
"425",2023-11-28,6072,6517,12589,0,0,0,0,0,0,0,0
"426",2023-11-29,6937,6777,13714,0,0,0,0,0,0,0,0
"427",2023-11-30,7517,6697,14214,0,0,0,0,0,0,0,0
"428",2023-12-01,6909,6999,13908,0,0,0,0,0,0,0,0
"429",2023-12-02,5450,5915,11365,1,0,0,0,0,0,0,0
"430",2023-12-03,6313,6850,13163,1,0,0,0,0,0,0,0
"431",2023-12-04,6038,7399,13437,0,0,0,0,0,0,0,0
"432",2023-12-05,5936,5879,11815,0,0,0,0,0,0,0,0
"433",2023-12-06,7623,7275,14898,0,0,0,0,0,0,0,0
"434",2023-12-07,7175,6443,13618,0,0,0,0,0,0,0,0
"435",2023-12-08,7720,6699,14419,0,0,0,0,0,0,0,0
"436",2023-12-09,6607,6952,13559,1,0,0,0,0,0,0,0
"437",2023-12-10,7938,7694,15632,1,0,0,0,0,0,0,0
"438",2023-12-11,6936,7220,14156,0,0,0,0,0,0,0,0
"439",2023-12-12,5660,5614,11274,0,0,0,0,0,0,0,0
"440",2023-12-13,8060,6865,14925,0,0,0,0,0,0,0,0
"441",2023-12-14,7359,6941,14300,0,0,0,0,0,0,0,0
"442",2023-12-15,8187,7054,15241,0,0,0,0,0,0,0,0
"443",2023-12-16,7762,7224,14986,1,0,0,0,0,0,0,0
"444",2023-12-17,8262,7801,16063,1,0,0,0,0,0,0,0
"445",2023-12-18,6798,6850,13648,0,0,0,0,0,0,0,0
"446",2023-12-19,5734,5129,10863,0,0,0,0,0,0,0,0
"447",2023-12-20,9320,7604,16924,0,0,0,0,0,0,0,0
"448",2023-12-21,8716,7009,15725,0,0,0,0,0,0,0,0
"449",2023-12-22,9375,6935,16310,0,0,0,0,0,0,0,0
"450",2023-12-23,9599,7782,17381,1,0,0,0,0,0,0,0
"451",2023-12-24,7570,6059,13629,1,0,0,0,0,0,0,0
"452",2023-12-25,6668,5808,12476,0,0,0,0,0,0,0,0
"453",2023-12-26,6838,6597,13435,0,0,0,0,0,0,0,0
"454",2023-12-27,6459,6494,12953,0,0,0,0,0,0,0,0
"455",2023-12-28,6077,6155,12232,0,0,0,0,0,0,0,0
"456",2023-12-29,6135,5723,11858,0,0,0,0,0,0,0,0
"457",2023-12-30,5928,5895,11823,1,0,0,0,0,0,0,0
"458",2023-12-31,4530,5203,9733,1,0,0,0,0,0,0,0
"459",2024-01-01,4960,6568,11528,0,0,0,0,0,0,0,0
"460",2024-01-02,6053,7939,13992,0,0,0,0,0,0,0,0
"461",2024-01-03,5984,8187,14171,0,0,0,0,0,0,0,0
"462",2024-01-04,5564,6920,12484,0,0,0,0,0,0,0,0
"463",2024-01-05,5748,4320,10068,0,0,0,0,0,0,0,0
"464",2024-01-06,4131,5777,9908,1,0,0,0,0,0,0,0
"465",2024-01-07,6108,8328,14436,1,0,0,0,0,0,0,0
"466",2024-01-08,4564,5939,10503,0,0,0,0,0,0,0,0
"467",2024-01-09,3909,3226,7135,0,0,0,0,0,0,0,0
"468",2024-01-10,6243,7221,13464,0,0,0,0,0,0,0,0
"469",2024-01-11,5746,6572,12318,0,0,0,0,0,0,0,0
"470",2024-01-12,6227,4431,10658,0,0,0,0,0,0,0,0
"471",2024-01-13,5137,3461,8598,1,0,0,0,0,0,0,0
"472",2024-01-14,5501,6732,12233,1,0,0,0,0,0,0,0
"473",2024-01-15,5917,7205,13122,0,0,0,0,0,0,0,0
"474",2024-01-16,6798,6850,13648,0,0,0,0,0,0,0,0
"475",2024-01-17,4594,3275,7869,0,0,0,0,0,0,0,0
"476",2024-01-18,6036,6273,12309,0,0,0,0,0,0,0,0
"477",2024-01-19,6853,6027,12880,0,0,0,0,0,0,0,0
"478",2024-01-20,5675,3447,9122,1,0,0,0,0,0,0,0
"479",2024-01-21,5230,2928,8158,1,0,0,0,0,0,0,0
"480",2024-01-22,5676,5795,11471,0,0,0,0,0,0,0,0
"481",2024-01-23,5390,5671,11061,0,0,0,0,0,0,0,0
"482",2024-01-24,6608,4051,10659,0,0,0,0,0,0,0,0
"483",2024-01-25,6798,6850,13648,0,0,0,0,0,0,0,0
"484",2024-01-26,5882,5595,11477,0,0,0,0,0,0,0,0
"485",2024-01-27,5184,3959,9143,1,0,0,0,0,0,0,0
"486",2024-01-28,6497,4114,10611,1,0,0,0,0,0,0,0
"487",2024-01-29,5602,3193,8795,0,0,0,0,0,0,0,0
"488",2024-01-30,4813,5449,10262,0,0,0,0,0,0,0,0
"489",2024-01-31,6585,3844,10429,0,0,0,0,0,0,0,0
"490",2024-02-01,5489,2478,7967,0,0,0,0,0,0,0,0
"491",2024-02-02,6299,3200,9499,0,0,0,0,0,0,0,0
"492",2024-02-03,3902,1944,5846,1,0,0,0,0,0,0,0
"493",2024-02-04,6883,3750,10633,1,0,0,0,0,0,0,0
"494",2024-02-05,6504,3545,10049,0,0,0,0,0,0,0,0
"495",2024-02-06,6798,6850,13648,0,0,0,0,0,0,0,0
"496",2024-02-07,4286,2109,6395,0,0,0,0,0,0,0,0
"497",2024-02-08,7941,3109,11050,0,0,0,0,0,0,0,0
"498",2024-02-09,6798,6850,13648,0,0,0,0,0,0,0,0
"499",2024-02-10,3753,2558,6311,1,0,0,0,0,0,0,0
"500",2024-02-11,4919,5735,10654,1,0,0,0,0,0,0,0
"501",2024-02-12,5270,7209,12479,0,0,0,0,0,0,0,0
"502",2024-02-13,6798,6850,13648,0,0,0,0,0,0,0,0
"503",2024-02-14,4277,2058,6335,0,0,0,0,0,0,0,0
"504",2024-02-15,5582,5114,10696,0,0,0,0,0,0,0,0
"505",2024-02-16,6134,3022,9156,0,0,0,0,0,0,0,0
"506",2024-02-17,2844,3479,6323,1,0,0,0,0,0,0,0
"507",2024-02-18,6977,3533,10510,1,0,0,0,0,0,0,0
"508",2024-02-19,6548,6816,13364,0,0,0,0,0,0,0,0
"509",2024-02-20,6068,5607,11675,0,0,0,0,0,0,0,0
"510",2024-02-21,6441,5599,12040,0,0,0,0,0,0,0,0
"511",2024-02-22,6951,2570,9521,0,0,0,0,0,0,0,0
"512",2024-02-23,7408,6586,13994,0,0,0,0,0,0,0,0
"513",2024-02-24,6441,3545,9986,1,0,0,0,0,0,0,0
"514",2024-02-25,7254,3995,11249,1,0,0,0,0,0,0,0
"515",2024-02-26,6946,3599,10545,0,0,0,0,0,0,0,0
"516",2024-02-27,6159,6148,12307,0,0,0,0,0,0,0,0
"517",2024-02-28,7507,7522,15029,0,0,0,0,0,0,0,0
"518",2024-02-29,7637,2770,10407,0,0,0,0,0,0,0,0
"519",2024-03-01,4238,4448,8686,0,0,0,0,0,0,0,0
"520",2024-03-02,6798,6850,13648,1,0,0,0,0,0,0,0
"521",2024-03-03,6798,6850,13648,1,0,0,0,0,0,0,0
"522",2024-03-04,6798,6850,13648,0,0,10000,0,0,0,0,0
"523",2024-03-05,6798,6850,13648,0,0,10000,0,0,0,0,0
"524",2024-03-06,8068,7839,15907,0,0,10000,0,0,0,0,0
"525",2024-03-07,7617,7446,15063,0,0,10000,0,0,0,0,0
"526",2024-03-08,8268,7940,16208,0,0,10000,0,0,0,0,0
"527",2024-03-09,7138,6657,13795,1,0,10000,0,0,0,0,0
"528",2024-03-10,5921,6775,12696,1,0,10000,0,0,0,0,0
"529",2024-03-11,4586,5221,9807,0,0,10000,0,0,0,0,0
"530",2024-03-12,5092,5853,10945,0,0,10000,0,0,0,0,0
"531",2024-03-13,4332,4296,8628,0,0,10000,0,0,0,0,0
"532",2024-03-14,4361,5123,9484,0,0,10000,0,0,0,0,0
"533",2024-03-15,4864,4742,9606,0,0,10000,0,0,0,0,0
"534",2024-03-16,5298,5761,11059,1,0,10000,0,0,0,0,0
"535",2024-03-17,4433,4610,9043,1,0,10000,0,0,0,0,0
"536",2024-03-18,4141,4443,8584,0,0,10000,0,0,0,0,0
"537",2024-03-19,4817,4348,9165,0,0,10000,0,0,0,0,0
"538",2024-03-20,6470,5689,12159,0,0,10000,0,0,0,0,0
"539",2024-03-21,4608,3504,8112,0,0,10000,0,0,0,0,0
"540",2024-03-22,6798,6850,13648,0,0,10000,0,0,0,0,0
"541",2024-03-23,6798,6850,13648,1,0,10000,0,0,0,0,0
"542",2024-03-24,5031,4834,9865,1,0,10000,0,0,0,0,0
"543",2024-03-25,5251,5271,10522,0,0,10000,0,0,0,0,0
"544",2024-03-26,4920,4344,9264,0,0,10000,0,0,0,0,0
"545",2024-03-27,6587,5269,11856,0,0,10000,0,0,0,0,0
"546",2024-03-28,6887,4698,11585,0,0,10000,0,0,0,0,0
"547",2024-03-29,6708,5626,12334,0,0,10000,0,0,0,0,0
"548",2024-03-30,6732,4943,11675,1,0,10000,0,0,0,0,0
"549",2024-03-31,7420,5522,12942,1,0,10000,0,0,0,0,0
"550",2024-04-01,8625,5537,14162,0,0,10000,0,0,0,0,0
"551",2024-04-02,10456,4944,15400,0,0,10000,0,0,0,0,0
"552",2024-04-03,11935,5008,16943,0,0,10000,0,0,0,0,0
"553",2024-04-04,12658,5386,18044,0,0,10000,0,0,0,0,0
"554",2024-04-05,13869,6748,20617,0,0,10000,0,0,0,0,0
"555",2024-04-06,13608,8087,21695,1,0,10000,0,0,0,0,0
"556",2024-04-07,13542,6362,19904,1,0,10000,0,0,0,0,0
"557",2024-04-08,13823,5498,19321,0,0,10000,0,0,0,0,0
"558",2024-04-09,12143,4233,16376,0,0,10000,0,0,0,0,0
"559",2024-04-10,7464,2932,10396,0,0,10000,0,0,0,0,0
"560",2024-04-11,5652,3059,8711,0,0,10000,0,0,0,0,0
"561",2024-04-12,7118,5438,12556,0,0,10000,0,0,0,0,0
"562",2024-04-13,6533,6785,13318,1,0,10000,0,0,0,0,0
"563",2024-04-14,9460,10768,20228,1,0,10000,0,0,0,0,0
"564",2024-04-15,10564,12414,22978,0,0,10000,0,0,0,0,0
"565",2024-04-16,8951,11584,20535,0,0,10000,0,0,0,0,0
"566",2024-04-17,8303,10568,18871,0,0,0,0,0,0,0,0
"567",2024-04-18,7667,10015,17682,0,0,0,0,0,0,0,0
"568",2024-04-19,7867,10015,17882,0,0,0,0,0,0,0,0
"569",2024-04-20,8986,11172,20158,1,0,0,0,0,0,0,0
"570",2024-04-21,9329,12175,21504,1,0,0,0,0,0,0,0
"571",2024-04-22,7476,10301,17777,0,0,0,0,0,0,0,0
"572",2024-04-23,6516,9906,16422,0,0,0,0,0,0,0,0
"573",2024-04-24,7510,11029,18539,0,0,0,0,0,0,0,0
"574",2024-04-25,6504,9662,16166,0,0,0,0,0,0,0,0
"575",2024-04-26,6921,9696,16617,0,0,0,0,0,0,0,0
"576",2024-04-27,6925,9830,16755,1,0,0,0,0,0,0,0
"577",2024-04-28,7211,10425,17636,1,0,0,0,0,0,0,0
"578",2024-04-29,6042,10514,16556,0,0,0,0,0,0,0,0
"579",2024-04-30,6824,9615,16439,0,0,0,0,0,0,0,0
"580",2024-05-01,7481,10037,17518,0,0,0,0,0,0,0,0
"581",2024-05-02,6243,8902,15145,0,0,0,0,0,0,0,0
"582",2024-05-03,6806,9896,16702,0,0,0,0,0,0,0,0
"583",2024-05-04,6079,9135,15214,1,0,0,0,0,0,0,0
"584",2024-05-05,7114,10244,17358,1,0,0,0,0,0,0,0
"585",2024-05-06,6918,9707,16625,0,0,0,0,0,0,0,0
"586",2024-05-07,6371,8070,14441,0,0,0,0,0,0,0,0
"587",2024-05-08,8333,9882,18215,0,0,0,0,0,0,0,0
"588",2024-05-09,7649,8589,16238,0,0,0,0,0,0,0,0
"589",2024-05-10,5935,7768,13703,0,0,0,0,0,0,0,0
"590",2024-05-11,5512,7064,12576,1,0,0,0,0,0,0,0
"591",2024-05-12,7406,9158,16564,1,0,0,0,0,0,0,0
"592",2024-05-13,6639,8963,15602,0,0,0,0,0,0,0,0
"593",2024-05-14,6110,7615,13725,0,0,0,0,0,0,0,0
"594",2024-05-15,7591,8484,16075,0,0,0,0,0,0,0,0
"595",2024-05-16,7293,7579,14872,0,0,0,0,0,0,0,0
"596",2024-05-17,7809,8618,16427,0,0,0,0,0,0,0,0
"597",2024-05-18,6812,7185,13997,1,0,0,0,0,0,0,0
"598",2024-05-19,6472,8502,14974,1,0,0,0,0,0,0,0
"599",2024-05-20,7340,7960,15300,0,0,0,0,0,0,0,0
"600",2024-05-21,5838,6617,12455,0,0,0,0,0,0,0,0
"601",2024-05-22,8335,6910,15245,0,0,0,0,0,0,0,0
"602",2024-05-23,7643,6780,14423,0,0,0,0,0,0,0,0
"603",2024-05-24,5961,6886,12847,0,0,0,0,0,0,0,0
"604",2024-05-25,5485,5944,11429,1,0,0,0,0,0,0,0
"605",2024-05-26,7210,9147,16357,1,0,0,0,0,0,0,0
"606",2024-05-27,6593,7933,14526,0,0,0,0,0,0,0,0
"607",2024-05-28,5252,7468,12720,0,0,0,0,0,0,0,0
"608",2024-05-29,5872,6372,12244,0,0,0,0,0,0,0,0
"609",2024-05-30,6861,6985,13846,0,0,0,0,0,0,0,0
"610",2024-05-31,7348,6557,13905,0,0,0,0,0,0,0,0
"611",2024-06-01,6567,6581,13148,1,0,0,0,0,0,0,0
"612",2024-06-02,6583,8011,14594,1,0,0,0,0,0,0,0
"613",2024-06-03,6145,8653,14798,0,0,0,0,0,0,0,0
"614",2024-06-04,6290,7102,13392,0,0,0,0,0,0,0,0
"615",2024-06-05,8590,7123,15713,0,0,0,0,0,0,0,0
"616",2024-06-06,9284,6460,15744,0,0,0,0,0,0,0,0
"617",2024-06-07,9039,6594,15633,0,0,0,0,0,0,0,0
"618",2024-06-08,7837,6386,14223,1,0,0,0,0,0,0,0
"619",2024-06-09,8313,7314,15627,1,0,0,0,0,0,0,0
"620",2024-06-10,8078,7830,15908,0,0,0,0,0,0,0,0
"621",2024-06-11,7071,6854,13925,0,0,0,0,0,0,0,0
"622",2024-06-12,8493,7680,16173,0,0,0,0,0,0,0,0
"623",2024-06-13,8095,6794,14889,0,0,0,0,0,0,0,0
"624",2024-06-14,10207,7767,17974,0,0,0,0,0,0,0,0
"625",2024-06-15,9389,7196,16585,1,0,0,0,10000,0,0,0
"626",2024-06-16,9041,5867,14908,1,0,0,0,10000,0,0,0
"627",2024-06-17,5820,4095,9915,0,0,0,0,10000,0,0,0
"628",2024-06-18,6921,6374,13295,0,0,0,0,10000,0,0,0
"629",2024-06-19,8334,8329,16663,0,0,0,0,0,0,0,0
"630",2024-06-20,7915,7509,15424,0,0,0,0,0,0,0,0
"631",2024-06-21,8474,7339,15813,0,0,0,0,0,0,0,0
"632",2024-06-22,7772,8220,15992,1,0,0,0,0,0,0,0
"633",2024-06-23,8721,9239,17960,1,0,0,0,0,0,0,0
"634",2024-06-24,8708,9435,18143,0,0,0,0,0,0,0,0
"635",2024-06-25,7760,8793,16553,0,0,0,0,0,0,0,0
"636",2024-06-26,9377,9755,19132,0,0,0,0,0,0,0,0
"637",2024-06-27,8656,8629,17285,0,0,0,0,0,0,0,0
"638",2024-06-28,9222,9866,19088,0,0,0,0,0,0,0,0
"639",2024-06-29,7992,8894,16886,1,0,0,0,0,0,0,0
"640",2024-06-30,9073,9941,19014,1,0,0,0,0,0,0,0
"641",2024-07-01,7859,9704,17563,0,0,0,0,0,0,0,0
"642",2024-07-02,8369,9132,17501,0,0,0,0,0,0,0,0
"643",2024-07-03,9057,9662,18719,0,0,0,0,0,0,0,0
"644",2024-07-04,8377,9510,17887,0,0,0,0,0,0,0,0
"645",2024-07-05,9329,9651,18980,0,0,0,0,0,0,0,0
"646",2024-07-06,8191,9131,17322,1,0,0,0,0,0,0,0
"647",2024-07-07,8058,9921,17979,1,0,0,0,0,0,10000,0
"648",2024-07-08,8044,10612,18656,0,0,0,0,0,0,0,0
"649",2024-07-09,7680,9425,17105,0,0,0,0,0,0,0,0
"650",2024-07-10,8878,10346,19224,0,0,0,0,0,0,0,0
"651",2024-07-11,8465,10188,18653,0,0,0,0,0,0,0,0
"652",2024-07-12,8666,9574,18240,0,0,0,0,0,0,0,0
"653",2024-07-13,7785,10427,18212,1,0,0,0,0,0,0,0
"654",2024-07-14,8015,10611,18626,1,0,0,0,0,0,0,0
"655",2024-07-15,7298,10445,17743,0,0,0,0,0,0,0,0
"656",2024-07-16,6803,8488,15291,0,0,0,0,0,0,0,0
"657",2024-07-17,3683,3236,6919,0,0,0,0,0,0,0,10000
"658",2024-07-18,6738,7899,14637,0,0,0,0,0,0,0,0
"659",2024-07-19,8762,7965,16727,0,0,0,0,0,0,0,0
"660",2024-07-20,7132,8473,15605,1,0,0,0,0,0,0,0
"661",2024-07-21,7513,8757,16270,1,0,0,0,0,0,0,0
"662",2024-07-22,7016,8298,15314,0,0,0,0,0,0,0,0
"663",2024-07-23,6588,6928,13516,0,0,0,0,0,0,0,0
"664",2024-07-24,7721,8209,15930,0,0,0,0,0,0,0,0
"665",2024-07-25,6961,7761,14722,0,0,0,0,0,0,0,0
"666",2024-07-26,7462,8096,15558,0,0,0,0,0,0,0,0
"667",2024-07-27,6835,7196,14031,1,0,0,0,0,0,0,0
"668",2024-07-28,7326,7585,14911,1,0,0,0,0,0,0,0
"669",2024-07-29,6861,7289,14150,0,0,0,0,0,0,0,0
"670",2024-07-30,6093,6337,12430,0,0,0,0,0,0,0,0
"671",2024-07-31,7790,7307,15097,0,0,0,0,0,0,0,0
"672",2024-08-01,7148,6675,13823,0,0,0,0,0,0,0,0
"673",2024-08-02,7652,6539,14191,0,0,0,0,0,0,0,0
"674",2024-08-03,7014,6615,13629,1,0,0,0,0,0,0,0
"675",2024-08-04,6693,7045,13738,1,0,0,0,0,0,0,0
"676",2024-08-05,6758,7465,14223,0,0,0,0,0,0,0,0
"677",2024-08-06,6636,7142,13778,0,0,0,0,0,0,0,0
"678",2024-08-07,7512,7413,14925,0,0,0,0,0,0,0,0
"679",2024-08-08,7428,6780,14208,0,0,0,0,0,0,0,0
"680",2024-08-09,8062,7673,15735,0,0,0,0,0,0,0,0
"681",2024-08-10,7966,7701,15667,1,0,0,0,0,0,0,0
"682",2024-08-11,7873,8496,16369,1,0,0,0,0,0,0,0
"683",2024-08-12,7758,8473,16231,0,0,0,0,0,0,0,0
"684",2024-08-13,7515,6488,14003,0,0,0,0,0,0,0,0
"685",2024-08-14,7841,6895,14736,0,0,0,0,0,0,0,0
"686",2024-08-15,7232,6570,13802,0,0,0,0,0,0,0,0
"687",2024-08-16,8058,6946,15004,0,0,0,0,0,0,0,0
"688",2024-08-17,6306,5037,11343,1,0,0,0,0,10000,0,0
"689",2024-08-18,8640,7278,15918,1,0,0,0,0,0,0,0
"690",2024-08-19,8614,7670,16284,0,0,0,0,0,0,0,0
"691",2024-08-20,7702,6907,14609,0,0,0,0,0,0,0,0
"692",2024-08-21,8033,7226,15259,0,0,0,0,0,0,0,0
"693",2024-08-22,7779,6748,14527,0,0,0,0,0,0,0,0
"694",2024-08-23,8586,7834,16420,0,0,0,0,0,0,0,0
"695",2024-08-24,7523,7305,14828,1,0,0,0,0,0,0,0
"696",2024-08-25,7687,8202,15889,1,0,0,0,0,0,0,0
"697",2024-08-26,7469,8357,15826,0,0,0,0,0,0,0,0
"698",2024-08-27,7355,7231,14586,0,0,0,0,0,0,0,0
"699",2024-08-28,7705,7509,15214,0,0,0,0,0,0,0,0
"700",2024-08-29,7148,6986,14134,0,0,0,0,0,0,0,0
"701",2024-08-30,8197,7836,16033,0,0,0,0,0,0,0,0
"702",2024-08-31,7473,7312,14785,1,0,0,0,0,0,0,0
"703",2024-09-01,7588,8107,15695,1,0,0,0,0,0,0,0
"704",2024-09-02,7276,8279,15555,0,0,0,0,0,0,0,0
"705",2024-09-03,6417,6891,13308,0,0,0,0,0,0,0,0
"706",2024-09-04,7491,7996,15487,0,0,0,0,0,0,0,0
"707",2024-09-05,7464,7601,15065,0,0,0,0,0,0,0,0
"708",2024-09-06,8052,8567,16619,0,0,0,0,0,0,0,0
"709",2024-09-07,7540,8638,16178,1,0,0,0,0,0,0,0
"710",2024-09-08,7632,8550,16182,1,0,0,0,0,0,0,0
"711",2024-09-09,8049,8162,16211,0,0,0,0,0,0,0,0
"712",2024-09-10,7812,7155,14967,0,0,0,0,0,0,0,0
"713",2024-09-11,9704,9211,18915,0,0,0,0,0,0,0,0
"714",2024-09-12,8618,8204,16822,0,0,0,0,0,0,0,0
"715",2024-09-13,10951,8713,19664,0,0,0,0,0,0,0,0
"716",2024-09-14,9038,8271,17309,1,0,0,0,0,0,0,0
"717",2024-09-15,7594,7054,14648,1,0,0,0,0,0,0,0
"718",2024-09-16,9895,9192,19087,0,0,0,0,0,0,0,0
"719",2024-09-17,7780,8141,15921,0,0,0,0,0,0,0,0
"720",2024-09-18,8053,8122,16175,0,0,0,0,0,0,0,0
"721",2024-09-19,6900,7385,14285,0,0,0,0,0,0,0,0
"722",2024-09-20,7610,7546,15156,0,0,0,0,0,0,0,0
"723",2024-09-21,6664,7679,14343,1,0,0,0,0,0,0,0
"724",2024-09-22,6696,8721,15417,1,0,0,0,0,0,0,0
"725",2024-09-23,6636,7962,14598,0,0,0,0,0,0,0,0
"726",2024-09-24,6579,7431,14010,0,0,0,0,0,0,0,0
"727",2024-09-25,8408,8289,16697,0,0,0,0,0,0,0,0
"728",2024-09-26,7297,7072,14369,0,0,0,0,0,0,0,0
"729",2024-09-27,8976,7716,16692,0,0,0,0,0,0,0,0
"730",2024-09-28,7281,7255,14536,1,0,0,0,0,0,0,0
"731",2024-09-29,7486,8194,15680,1,0,0,0,0,0,0,0
"732",2024-09-30,7139,8341,15480,0,0,0,0,0,0,0,0
