"","Time","time","Live.Traffic","Travel.Time","Jams.Count","Jams.Length","Jams.Delay","Time1"
"1","2024-08-14 03:46:30.001","2024-08-14 03:46:30.001",46,121.643617843284,371,314.6,1842.9,2024-08-14 03:46:30
"2","2024-08-14 04:01:30.000","2024-08-14 04:01:30.000",45,120.6930411442,386,326.4,1865.7,2024-08-14 04:01:30
"3","2024-08-14 05:01:30.000","2024-08-14 05:01:30.000",45,121.736616679966,382,298.4,1786.5,2024-08-14 05:01:30
"4","2024-08-14 06:46:30.001","2024-08-14 06:46:30.001",39,117.592656081669,353,244.7,1585.7,2024-08-14 06:46:30
"5","2024-08-14 07:46:30.001","2024-08-14 07:46:30.001",45,122.938471577236,495,331.8,2314.3,2024-08-14 07:46:30
"6","2024-08-14 08:16:30.000","2024-08-14 08:16:30.000",47,124.82894041296,500,352.1,2303,2024-08-14 08:16:30
"7","2024-08-14 09:46:30.000","2024-08-14 09:46:30.000",54,130.985713582989,629,431.1,2978.6,2024-08-14 09:46:30
"8","2024-08-14 10:46:30.000","2024-08-14 10:46:30.000",70,146.653256475956,887,631.9,4500.2,2024-08-14 10:46:30
"9","2024-08-14 11:16:30.000","2024-08-14 11:16:30.000",75,151.640120050849,763,565,4042.5,2024-08-14 11:16:30
"10","2024-08-14 12:01:30.000","2024-08-14 12:01:30.000",69,147.46611720969,604,451.7,2961.1,2024-08-14 12:01:30
"11","2024-08-14 13:01:30.000","2024-08-14 13:01:30.000",51,132.273942050446,307,242.8,1366.4,2024-08-14 13:01:30
"12","2024-08-14 14:01:30.000","2024-08-14 14:01:30.000",29,112.402264473979,112,81.6,466.9,2024-08-14 14:01:30
"13","2024-08-14 15:01:30.000","2024-08-14 15:01:30.000",17,102.240014944272,69,54.2,276.8,2024-08-14 15:01:30
"14","2024-08-14 16:01:30.000","2024-08-14 16:01:30.000",7,93.6924686688932,40,41.5,173.2,2024-08-14 16:01:30
"15","2024-08-14 17:01:30.000","2024-08-14 17:01:30.000",0,83.8155641203142,28,36.5,119.7,2024-08-14 17:01:30
"16","2024-08-14 18:01:30.000","2024-08-14 18:01:30.000",0,79.0350966603208,18,40,89.8,2024-08-14 18:01:30
"17","2024-08-14 19:01:30.000","2024-08-14 19:01:30.000",0,77.554152049201,13,24.2,45,2024-08-14 19:01:30
"18","2024-08-14 20:01:30.000","2024-08-14 20:01:30.000",0,76.0282609491908,10,28.2,16.4,2024-08-14 20:01:30
"19","2024-08-14 21:01:30.000","2024-08-14 21:01:30.000",0,70.6274203116521,22,47.3,37.2,2024-08-14 21:01:30
"20","2024-08-14 22:01:30.000","2024-08-14 22:01:30.000",0,70.4363322266322,9,18.4,27.6,2024-08-14 22:01:30
"21","2024-08-14 23:46:30.000","2024-08-14 23:46:30.000",29,107.275982658304,401,244.1,1823.1,2024-08-14 23:46:30
"22","2024-08-15 00:46:30.000","2024-08-15 00:46:30.000",49,125.187455625521,574,376.9,2834.6,2024-08-15 00:46:30
"23","2024-08-15 01:01:30.000","2024-08-15 01:01:30.000",50,125.76804677114,534,356,2644.8,2024-08-15 01:01:30
"24","2024-08-15 02:01:30.000","2024-08-15 02:01:30.000",46,122.992910726407,365,261.6,1683.4,2024-08-15 02:01:30
"25","2024-08-15 03:46:30.000","2024-08-15 03:46:30.000",39,115.483754361445,325,261.3,1384.8,2024-08-15 03:46:30
"26","2024-08-15 04:31:30.000","2024-08-15 04:31:30.000",39,115.760602872831,347,262.3,1535.3,2024-08-15 04:31:30
"27","2024-08-15 05:01:30.000","2024-08-15 05:01:30.000",40,116.968479745035,344,278.1,1585.7,2024-08-15 05:01:30
"28","2024-08-15 06:46:30.000","2024-08-15 06:46:30.000",38,115.974045878116,331,213.9,1387.4,2024-08-15 06:46:30
"29","2024-08-15 07:46:30.001","2024-08-15 07:46:30.001",43,120.016032345133,467,309.8,2037.8,2024-08-15 07:46:30
"30","2024-08-15 08:31:30.000","2024-08-15 08:31:30.000",45,121.491669337728,477,330.6,2149,2024-08-15 08:31:30
"31","2024-08-15 09:46:30.000","2024-08-15 09:46:30.000",53,129.534217087275,632,425.2,2928,2024-08-15 09:46:30
"32","2024-08-15 10:46:30.000","2024-08-15 10:46:30.000",67,141.845709946104,876,591.1,4398.1,2024-08-15 10:46:30
"33","2024-08-15 11:01:30.000","2024-08-15 11:01:30.000",71,145.483556081173,877,618.5,4437.5,2024-08-15 11:01:30
"34","2024-08-15 12:01:30.000","2024-08-15 12:01:30.000",64,141.990153272113,562,422.6,2767.1,2024-08-15 12:01:30
"35","2024-08-15 13:01:30.000","2024-08-15 13:01:30.000",46,127.287626577969,284,212.4,1265.5,2024-08-15 13:01:30
"36","2024-08-15 14:01:30.000","2024-08-15 14:01:30.000",26,110.08575803757,128,94.7,524.3,2024-08-15 14:01:30
"37","2024-08-15 15:01:30.000","2024-08-15 15:01:30.000",17,101.779384350222,60,64.2,280.6,2024-08-15 15:01:30
"38","2024-08-15 16:01:30.000","2024-08-15 16:01:30.000",7,93.4558690644223,41,42.7,195.1,2024-08-15 16:01:30
"39","2024-08-15 17:01:30.001","2024-08-15 17:01:30.001",0,83.2475487383385,25,41.4,85.5,2024-08-15 17:01:30
"40","2024-08-15 18:01:30.000","2024-08-15 18:01:30.000",0,79.0298299862821,17,17.8,58.9,2024-08-15 18:01:30
"41","2024-08-15 19:01:30.000","2024-08-15 19:01:30.000",0,76.1639791219937,18,39.8,57.2,2024-08-15 19:01:30
"42","2024-08-15 20:01:30.000","2024-08-15 20:01:30.000",0,76.4370982711518,21,48.3,81.4,2024-08-15 20:01:30
"43","2024-08-15 21:01:30.000","2024-08-15 21:01:30.000",0,72.3261330720985,22,39.5,106.6,2024-08-15 21:01:30
"44","2024-08-15 22:01:30.000","2024-08-15 22:01:30.000",0,71.0657799297134,8,16.4,143.6,2024-08-15 22:01:30
"45","2024-08-15 23:46:30.000","2024-08-15 23:46:30.000",28,106.739907701542,389,245.4,1720.1,2024-08-15 23:46:30
"46","2024-08-16 00:46:30.000","2024-08-16 00:46:30.000",45,122.084044962284,511,333.5,2284.7,2024-08-16 00:46:30
"47","2024-08-16 01:01:30.000","2024-08-16 01:01:30.000",46,123.520809655634,475,314.6,2049,2024-08-16 01:01:30
"48","2024-08-16 02:01:30.000","2024-08-16 02:01:30.000",38,116.170303046795,305,208.2,1120.1,2024-08-16 02:01:30
"49","2024-08-16 03:46:30.001","2024-08-16 03:46:30.001",35,112.964418450425,356,235.7,1532.7,2024-08-16 03:46:30
"50","2024-08-16 04:31:30.000","2024-08-16 04:31:30.000",40,116.693261380717,488,319.1,2078.8,2024-08-16 04:31:30
"51","2024-08-16 05:01:30.001","2024-08-16 05:01:30.001",39,117.312012320584,393,263,1700.3,2024-08-16 05:01:30
"52","2024-08-16 06:46:30.000","2024-08-16 06:46:30.000",36,114.133517708667,429,248.9,1674.1,2024-08-16 06:46:30
"53","2024-08-16 07:46:30.000","2024-08-16 07:46:30.000",45,121.040433196012,548,369.2,2431.9,2024-08-16 07:46:30
"54","2024-08-16 08:31:30.068","2024-08-16 08:31:30.068",50,124.977681366661,602,405.9,2805.6,2024-08-16 08:31:30
"55","2024-08-16 09:46:30.000","2024-08-16 09:46:30.000",54,128.488700576446,639,472.1,3020.8,2024-08-16 09:46:30
"56","2024-08-16 10:46:30.000","2024-08-16 10:46:30.000",74,146.969671363085,1092,800.9,5782,2024-08-16 10:46:30
"57","2024-08-16 11:16:30.000","2024-08-16 11:16:30.000",81,153.617468051604,963,770.5,5306,2024-08-16 11:16:30
"58","2024-08-16 12:01:30.000","2024-08-16 12:01:30.000",79,152.838954710825,910,679.6,4788.2,2024-08-16 12:01:30
"59","2024-08-16 13:01:30.001","2024-08-16 13:01:30.001",63,140.495182978019,631,454.5,3236.5,2024-08-16 13:01:30
"60","2024-08-16 14:01:30.000","2024-08-16 14:01:30.000",44,122.801352367733,317,257.1,1649.4,2024-08-16 14:01:30
"61","2024-08-16 15:01:30.001","2024-08-16 15:01:30.001",33,114.148006088775,163,145.2,861.9,2024-08-16 15:01:30
"62","2024-08-16 16:01:30.001","2024-08-16 16:01:30.001",18,101.717107534715,75,55.6,385.8,2024-08-16 16:01:30
"63","2024-08-16 17:01:30.000","2024-08-16 17:01:30.000",1,87.5958977881082,30,27.6,86,2024-08-16 17:01:30
"64","2024-08-16 18:01:30.000","2024-08-16 18:01:30.000",0,80.8214241887829,14,18.6,30.5,2024-08-16 18:01:30
"65","2024-08-16 19:01:30.000","2024-08-16 19:01:30.000",0,77.4321565192545,12,19.1,42.2,2024-08-16 19:01:30
"66","2024-08-16 20:01:30.000","2024-08-16 20:01:30.000",0,73.6643436084938,7,10.7,15.6,2024-08-16 20:01:30
"67","2024-08-16 21:01:30.000","2024-08-16 21:01:30.000",0,72.1167088081581,7,10,22.7,2024-08-16 21:01:30
"68","2024-08-16 22:01:30.000","2024-08-16 22:01:30.000",0,67.7629310401281,7,5.2,13.8,2024-08-16 22:01:30
"69","2024-08-16 23:46:30.000","2024-08-16 23:46:30.000",13,92.4736509952194,122,78.1,626.2,2024-08-16 23:46:30
"70","2024-08-17 00:01:30.000","2024-08-17 00:01:30.000",11,91.722882325276,93,52.7,406.7,2024-08-17 00:01:30
"71","2024-08-17 01:46:30.000","2024-08-17 01:46:30.000",4,85.7935370735792,75,32.1,280.8,2024-08-17 01:46:30
"72","2024-08-17 02:46:30.000","2024-08-17 02:46:30.000",11,90.990720726935,94,48.5,406,2024-08-17 02:46:30
"73","2024-08-17 03:01:30.000","2024-08-17 03:01:30.000",11,90.8779978875618,102,49.2,423.3,2024-08-17 03:01:30
"74","2024-08-17 04:31:30.000","2024-08-17 04:31:30.000",12,90.7497512838235,67,45.1,253.2,2024-08-17 04:31:30
"75","2024-08-17 05:01:30.000","2024-08-17 05:01:30.000",12,91.5142405925975,55,34.6,207.5,2024-08-17 05:01:30
"76","2024-08-17 06:46:30.001","2024-08-17 06:46:30.001",13,94.335359730984,84,43.2,350.1,2024-08-17 06:46:30
"77","2024-08-17 07:46:30.000","2024-08-17 07:46:30.000",17,97.1803011256128,97,49.5,449.5,2024-08-17 07:46:30
"78","2024-08-17 08:01:30.001","2024-08-17 08:01:30.001",17,97.3788895911878,107,56.6,522.3,2024-08-17 08:01:30
"79","2024-08-17 09:46:30.000","2024-08-17 09:46:30.000",17,99.301400962568,119,53.1,464.9,2024-08-17 09:46:30
"80","2024-08-17 10:31:30.000","2024-08-17 10:31:30.000",20,101.09242500796,114,50.5,442.9,2024-08-17 10:31:30
"81","2024-08-17 11:46:30.000","2024-08-17 11:46:30.000",22,104.601088462044,82,38.7,305.8,2024-08-17 11:46:30
"82","2024-08-17 12:16:30.000","2024-08-17 12:16:30.000",26,108.323914254802,137,62.2,514.4,2024-08-17 12:16:30
"83","2024-08-17 13:01:30.000","2024-08-17 13:01:30.000",24,107.573034707697,115,51.2,401.4,2024-08-17 13:01:30
"84","2024-08-17 14:01:30.000","2024-08-17 14:01:30.000",21,104.728695126376,95,42.9,333.3,2024-08-17 14:01:30
"85","2024-08-17 15:01:30.000","2024-08-17 15:01:30.000",18,102.33472826898,90,36.8,323.4,2024-08-17 15:01:30
"86","2024-08-17 16:01:30.000","2024-08-17 16:01:30.000",10,95.849356122803,41,18.3,149.3,2024-08-17 16:01:30
"87","2024-08-17 17:01:30.000","2024-08-17 17:01:30.000",0,85.1832626199256,13,6.9,35.7,2024-08-17 17:01:30
"88","2024-08-17 18:01:30.000","2024-08-17 18:01:30.000",0,79.3332157265437,4,2.8,6.6,2024-08-17 18:01:30
"89","2024-08-17 19:01:30.000","2024-08-17 19:01:30.000",0,76.4038673697069,7,6.3,7.1,2024-08-17 19:01:30
"90","2024-08-17 20:01:30.000","2024-08-17 20:01:30.000",0,72.2740572461454,4,1.9,10.9,2024-08-17 20:01:30
"91","2024-08-17 21:01:30.000","2024-08-17 21:01:30.000",0,68.7485948884726,7,2.5,12.7,2024-08-17 21:01:30
"92","2024-08-17 22:01:30.000","2024-08-17 22:01:30.000",0,66.6367801206056,3,2.2,4,2024-08-17 22:01:30
"93","2024-08-17 23:01:30.000","2024-08-17 23:01:30.000",0,68.5432593174949,4,1.7,11.2,2024-08-17 23:01:30
"94","2024-08-18 00:01:30.001","2024-08-18 00:01:30.001",0,74.2561609341555,14,6.9,45.3,2024-08-18 00:01:30
"95","2024-08-18 01:01:30.000","2024-08-18 01:01:30.000",0,79.5422183511933,36,20.4,133.2,2024-08-18 01:01:30
"96","2024-08-18 02:46:30.000","2024-08-18 02:46:30.000",5,87.1126270771154,53,26.4,193.7,2024-08-18 02:46:30
"97","2024-08-18 03:46:30.000","2024-08-18 03:46:30.000",10,90.7103020758961,76,32.4,254,2024-08-18 03:46:30
"98","2024-08-18 04:31:30.000","2024-08-18 04:31:30.000",13,93.1325487758254,83,35.5,291.8,2024-08-18 04:31:30
"99","2024-08-18 05:01:30.001","2024-08-18 05:01:30.001",14,94.0531943023624,88,42.5,350.7,2024-08-18 05:01:30
"100","2024-08-18 06:46:30.001","2024-08-18 06:46:30.001",19,98.3168862193776,137,69.3,496.3,2024-08-18 06:46:30
"101","2024-08-18 07:01:30.001","2024-08-18 07:01:30.001",19,98.6058474800529,130,66.6,448.4,2024-08-18 07:01:30
"102","2024-08-18 08:01:30.000","2024-08-18 08:01:30.000",19,98.0639929419693,119,60.9,415.5,2024-08-18 08:01:30
"103","2024-08-18 09:46:30.001","2024-08-18 09:46:30.001",21,100.692487984587,178,92.5,667.9,2024-08-18 09:46:30
"104","2024-08-18 10:31:30.000","2024-08-18 10:31:30.000",24,102.460863473087,186,114.7,724,2024-08-18 10:31:30
"105","2024-08-18 11:01:30.000","2024-08-18 11:01:30.000",24,103.092704662308,183,102.4,720.6,2024-08-18 11:01:30
"106","2024-08-18 12:16:30.000","2024-08-18 12:16:30.000",27,106.917994800057,188,96.2,675.9,2024-08-18 12:16:30
"107","2024-08-18 13:01:30.001","2024-08-18 13:01:30.001",24,104.102653042633,132,70.9,513.6,2024-08-18 13:01:30
"108","2024-08-18 14:01:30.000","2024-08-18 14:01:30.000",19,99.6186318187059,71,37.4,221.3,2024-08-18 14:01:30
"109","2024-08-18 15:01:30.000","2024-08-18 15:01:30.000",13,95.5072049124959,43,47.7,154.2,2024-08-18 15:01:30
"110","2024-08-18 16:01:30.000","2024-08-18 16:01:30.000",3,86.4673022306037,16,18.2,97.8,2024-08-18 16:01:30
"111","2024-08-18 17:01:30.001","2024-08-18 17:01:30.001",0,80.0713067504033,13,12.8,107.9,2024-08-18 17:01:30
"112","2024-08-18 18:01:30.000","2024-08-18 18:01:30.000",0,76.3662126723127,7,11.5,104.2,2024-08-18 18:01:30
"113","2024-08-18 19:01:30.000","2024-08-18 19:01:30.000",0,73.4615431500868,8,10.1,46.4,2024-08-18 19:01:30
"114","2024-08-18 20:01:30.001","2024-08-18 20:01:30.001",0,68.3914132789652,8,11.5,37.7,2024-08-18 20:01:30
"115","2024-08-18 21:01:30.000","2024-08-18 21:01:30.000",0,67.4380874432262,10,9,32.4,2024-08-18 21:01:30
"116","2024-08-18 22:01:30.000","2024-08-18 22:01:30.000",0,67.5913048646584,8,10.9,33.4,2024-08-18 22:01:30
"117","2024-08-18 23:46:30.000","2024-08-18 23:46:30.000",38,113.741793629229,536,345.5,2558.1,2024-08-18 23:46:30
"118","2024-08-19 00:46:30.000","2024-08-19 00:46:30.000",57,131.682687034935,595,405.8,3067.7,2024-08-19 00:46:30
"119","2024-08-19 01:01:30.000","2024-08-19 01:01:30.000",58,132.947285851548,537,380.3,2862.4,2024-08-19 01:01:30
"120","2024-08-19 02:01:30.001","2024-08-19 02:01:30.001",47,124.046370959856,340,261.3,1626.2,2024-08-19 02:01:30
"121","2024-08-19 03:01:30.000","2024-08-19 03:01:30.000",35,112.77057010341,248,198.7,1079.4,2024-08-19 03:01:30
"122","2024-08-19 04:01:30.000","2024-08-19 04:01:30.000",33,110.947621309522,241,199.1,1080.5,2024-08-19 04:01:30
"123","2024-08-19 05:01:30.000","2024-08-19 05:01:30.000",33,111.539802053568,233,194.7,1067.6,2024-08-19 05:01:30
"124","2024-08-19 06:46:30.000","2024-08-19 06:46:30.000",30,110.951807177957,243,154,1003.2,2024-08-19 06:46:30
"125","2024-08-19 07:46:30.000","2024-08-19 07:46:30.000",35,114.727189040675,348,221.6,1453.7,2024-08-19 07:46:30
"126","2024-08-19 08:31:30.000","2024-08-19 08:31:30.000",39,118.384984613201,392,263.7,1918.5,2024-08-19 08:31:30
"127","2024-08-19 09:46:30.000","2024-08-19 09:46:30.000",43,121.952797681666,469,333.5,2201.5,2024-08-19 09:46:30
"128","2024-08-19 10:46:30.000","2024-08-19 10:46:30.000",58,134.117169000253,763,512.8,3526.4,2024-08-19 10:46:30
"129","2024-08-19 11:16:30.001","2024-08-19 11:16:30.001",63,140.258021851628,610,468.7,3038.1,2024-08-19 11:16:30
"130","2024-08-19 12:01:30.001","2024-08-19 12:01:30.001",57,136.391786636452,457,329.3,2208.2,2024-08-19 12:01:30
"131","2024-08-19 13:01:30.000","2024-08-19 13:01:30.000",40,121.714802817841,197,147.1,967.7,2024-08-19 13:01:30
"132","2024-08-19 14:01:30.000","2024-08-19 14:01:30.000",21,105.495110848143,83,60.3,391.9,2024-08-19 14:01:30
"133","2024-08-19 15:01:30.000","2024-08-19 15:01:30.000",10,96.148043812865,50,42.4,276.4,2024-08-19 15:01:30
"134","2024-08-19 16:01:30.000","2024-08-19 16:01:30.000",4,91.0104796367372,30,35.2,149.8,2024-08-19 16:01:30
"135","2024-08-19 17:01:30.000","2024-08-19 17:01:30.000",0,82.5635977548298,22,38.5,90.4,2024-08-19 17:01:30
"136","2024-08-19 18:01:30.001","2024-08-19 18:01:30.001",0,78.359192763817,19,26.7,68.1,2024-08-19 18:01:30
"137","2024-08-19 19:01:30.001","2024-08-19 19:01:30.001",0,77.5769657025478,13,26,89.1,2024-08-19 19:01:30
"138","2024-08-19 20:01:30.000","2024-08-19 20:01:30.000",0,78.1374110225407,19,37.2,114,2024-08-19 20:01:30
"139","2024-08-19 21:01:30.000","2024-08-19 21:01:30.000",0,76.2773311282841,21,42.9,163.9,2024-08-19 21:01:30
"140","2024-08-19 22:01:30.000","2024-08-19 22:01:30.000",0,75.5188789398306,13,22.9,120.1,2024-08-19 22:01:30
"141","2024-08-19 23:46:30.000","2024-08-19 23:46:30.000",33,111.03184967955,421,271.3,1808.3,2024-08-19 23:46:30
"142","2024-08-20 00:46:30.001","2024-08-20 00:46:30.001",53,130.077525083582,553,386.8,2623.3,2024-08-20 00:46:30
"143","2024-08-20 01:01:30.000","2024-08-20 01:01:30.000",55,132.04206442046,535,374.9,2561.2,2024-08-20 01:01:30
"144","2024-08-20 02:01:30.000","2024-08-20 02:01:30.000",48,124.247080625988,379,271.5,1738.1,2024-08-20 02:01:30
"145","2024-08-20 03:01:30.000","2024-08-20 03:01:30.000",39,115.583494570216,317,241.1,1387.3,2024-08-20 03:01:30
"146","2024-08-20 04:01:30.000","2024-08-20 04:01:30.000",38,116.304113828301,309,247.2,1332.8,2024-08-20 04:01:30
"147","2024-08-20 05:01:30.001","2024-08-20 05:01:30.001",37,114.718375283681,310,244.5,1264.3,2024-08-20 05:01:30
"148","2024-08-20 06:46:30.000","2024-08-20 06:46:30.000",32,111.340217063685,294,171.4,1071.6,2024-08-20 06:46:30
"149","2024-08-20 07:46:30.000","2024-08-20 07:46:30.000",39,117.990117390029,405,261.8,1625.4,2024-08-20 07:46:30
"150","2024-08-20 08:31:30.000","2024-08-20 08:31:30.000",42,120.341648312833,455,301.8,1958.8,2024-08-20 08:31:30
"151","2024-08-20 09:46:30.000","2024-08-20 09:46:30.000",48,126.187559948037,589,394.9,2555,2024-08-20 09:46:30
"152","2024-08-20 10:46:30.000","2024-08-20 10:46:30.000",63,139.646025306983,820,558.1,3913,2024-08-20 10:46:30
"153","2024-08-20 11:01:30.000","2024-08-20 11:01:30.000",67,143.707107058834,812,564.8,3844.2,2024-08-20 11:01:30
"154","2024-08-20 12:01:30.000","2024-08-20 12:01:30.000",61,139.751348706916,485,376.9,2393.5,2024-08-20 12:01:30
"155","2024-08-20 13:01:30.001","2024-08-20 13:01:30.001",44,125.332781101609,250,180.6,1155,2024-08-20 13:01:30
"156","2024-08-20 14:01:30.001","2024-08-20 14:01:30.001",24,107.995333386329,86,73.3,390.1,2024-08-20 14:01:30
"157","2024-08-20 15:01:30.000","2024-08-20 15:01:30.000",14,99.1463607114317,48,59.9,192.2,2024-08-20 15:01:30
"158","2024-08-20 16:01:30.000","2024-08-20 16:01:30.000",6,92.5021376972289,39,37.3,222.7,2024-08-20 16:01:30
"159","2024-08-20 17:01:30.001","2024-08-20 17:01:30.001",0,84.3992357004151,27,36.3,151.1,2024-08-20 17:01:30
"160","2024-08-20 18:01:30.000","2024-08-20 18:01:30.000",0,78.3350174188465,23,44.3,128.5,2024-08-20 18:01:30
"161","2024-08-20 19:01:30.001","2024-08-20 19:01:30.001",0,78.5998042483349,16,33.7,95.2,2024-08-20 19:01:30
"162","2024-08-20 20:01:30.000","2024-08-20 20:01:30.000",0,76.7861789056668,23,49.4,100.1,2024-08-20 20:01:30
"163","2024-08-20 21:01:30.000","2024-08-20 21:01:30.000",0,72.9046101512955,20,36.5,73.5,2024-08-20 21:01:30
"164","2024-08-20 22:01:30.000","2024-08-20 22:01:30.000",0,69.9565326920626,22,40.3,57.9,2024-08-20 22:01:30
"165","2024-08-20 23:46:30.001","2024-08-20 23:46:30.001",28,107.148717804425,407,247.4,1736.3,2024-08-20 23:46:30
"166","2024-08-21 00:46:30.000","2024-08-21 00:46:30.000",49,125.265840435065,540,371.9,2567.4,2024-08-21 00:46:30
"167","2024-08-21 01:01:30.000","2024-08-21 01:01:30.000",51,127.303318339801,522,344.7,2414.1,2024-08-21 01:01:30
"168","2024-08-21 02:01:30.000","2024-08-21 02:01:30.000",48,123.974884024797,371,273.8,1667.3,2024-08-21 02:01:30
"169","2024-08-21 03:01:30.000","2024-08-21 03:01:30.000",40,115.921177343216,314,259.5,1343.1,2024-08-21 03:01:30
"170","2024-08-21 04:01:30.000","2024-08-21 04:01:30.000",40,117.282436980635,321,274.9,1443.2,2024-08-21 04:01:30
"171","2024-08-21 05:01:30.000","2024-08-21 05:01:30.000",38,115.068387245214,316,261.4,1383.8,2024-08-21 05:01:30
"172","2024-08-21 06:46:30.001","2024-08-21 06:46:30.001",34,113.899294389649,327,202.9,1259.7,2024-08-21 06:46:30
"173","2024-08-21 07:46:30.000","2024-08-21 07:46:30.000",41,119.389198159693,416,275.9,1762.4,2024-08-21 07:46:30
"174","2024-08-21 08:31:30.000","2024-08-21 08:31:30.000",43,120.404360660237,493,317.1,2145.4,2024-08-21 08:31:30
"175","2024-08-21 09:46:30.000","2024-08-21 09:46:30.000",50,126.731587039826,616,433.7,2732.6,2024-08-21 09:46:30
"176","2024-08-21 10:46:30.001","2024-08-21 10:46:30.001",65,141.356824261868,891,610.1,4227,2024-08-21 10:46:30
"177","2024-08-21 11:01:30.000","2024-08-21 11:01:30.000",70,145.99118407778,849,626.2,4265,2024-08-21 11:01:30
"178","2024-08-21 12:01:30.000","2024-08-21 12:01:30.000",64,142.783247463662,560,422.5,2762.6,2024-08-21 12:01:30
"179","2024-08-21 13:01:30.000","2024-08-21 13:01:30.000",46,127.849462245311,262,201.5,1268.3,2024-08-21 13:01:30
"180","2024-08-21 14:01:30.001","2024-08-21 14:01:30.001",28,111.142074154053,117,96.5,551.9,2024-08-21 14:01:30
"181","2024-08-21 15:01:30.000","2024-08-21 15:01:30.000",17,102.153372556648,79,66.6,359.2,2024-08-21 15:01:30
"182","2024-08-21 16:01:30.000","2024-08-21 16:01:30.000",7,92.4108123559612,32,37.2,159.7,2024-08-21 16:01:30
"183","2024-08-21 17:01:30.000","2024-08-21 17:01:30.000",0,84.8364529530603,24,36,79.6,2024-08-21 17:01:30
"184","2024-08-21 18:01:30.000","2024-08-21 18:01:30.000",0,78.483666356475,15,22.4,26.9,2024-08-21 18:01:30
"185","2024-08-21 19:01:30.000","2024-08-21 19:01:30.000",0,74.5603404762095,18,24.9,38.3,2024-08-21 19:01:30
"186","2024-08-21 20:01:30.000","2024-08-21 20:01:30.000",0,72.5067277341668,15,53.8,48.4,2024-08-21 20:01:30
"187","2024-08-21 21:01:30.001","2024-08-21 21:01:30.001",0,71.4917733436178,17,38.8,32.8,2024-08-21 21:01:30
"188","2024-08-21 22:01:30.000","2024-08-21 22:01:30.000",0,69.8800886228779,9,23.2,39.4,2024-08-21 22:01:30
"189","2024-08-21 23:46:30.000","2024-08-21 23:46:30.000",27,105.957156555291,412,237.4,1699,2024-08-21 23:46:30
"190","2024-08-22 00:46:30.000","2024-08-22 00:46:30.000",46,123.516411941667,506,336.6,2355,2024-08-22 00:46:30
"191","2024-08-22 01:01:30.000","2024-08-22 01:01:30.000",48,124.483594788692,476,323.3,2246.6,2024-08-22 01:01:30
"192","2024-08-22 02:01:30.000","2024-08-22 02:01:30.000",40,117.562275817363,289,223.8,1358.2,2024-08-22 02:01:30
"193","2024-08-22 03:46:30.000","2024-08-22 03:46:30.000",35,112.598718894772,267,241.2,1210.7,2024-08-22 03:46:30
"194","2024-08-22 04:01:30.000","2024-08-22 04:01:30.000",35,112.281389686244,264,233.3,1279.9,2024-08-22 04:01:30
"195","2024-08-22 05:01:30.000","2024-08-22 05:01:30.000",34,112.701829893786,274,215.4,1173.4,2024-08-22 05:01:30
"196","2024-08-22 06:46:30.001","2024-08-22 06:46:30.001",32,111.70799134938,264,190.6,1039.4,2024-08-22 06:46:30
"197","2024-08-22 07:46:30.000","2024-08-22 07:46:30.000",39,117.310540021851,407,263.6,1671.2,2024-08-22 07:46:30
"198","2024-08-22 08:31:30.000","2024-08-22 08:31:30.000",42,120.022819549066,424,290.9,1931.9,2024-08-22 08:31:30
"199","2024-08-22 09:46:30.000","2024-08-22 09:46:30.000",48,126.05927889742,563,388.8,2628.4,2024-08-22 09:46:30
"200","2024-08-22 10:46:30.000","2024-08-22 10:46:30.000",64,140.174710669135,867,609.4,4328.5,2024-08-22 10:46:30
"201","2024-08-22 11:16:30.000","2024-08-22 11:16:30.000",71,146.450182839106,755,573.8,3646.5,2024-08-22 11:16:30
"202","2024-08-22 12:01:30.000","2024-08-22 12:01:30.000",62,139.99801927119,513,398.3,2494.7,2024-08-22 12:01:30
"203","2024-08-22 13:01:30.000","2024-08-22 13:01:30.000",41,121.360300584555,231,170.6,1033.3,2024-08-22 13:01:30
"204","2024-08-22 14:01:30.000","2024-08-22 14:01:30.000",24,107.210813494588,114,78.7,517.8,2024-08-22 14:01:30
"205","2024-08-22 15:01:30.001","2024-08-22 15:01:30.001",14,97.9045987333111,48,34.3,184.3,2024-08-22 15:01:30
"206","2024-08-22 16:01:30.000","2024-08-22 16:01:30.000",4,89.8002132436158,41,43.8,106.3,2024-08-22 16:01:30
"207","2024-08-22 17:01:30.000","2024-08-22 17:01:30.000",0,82.7296562212267,20,21,54.3,2024-08-22 17:01:30
"208","2024-08-22 18:01:30.000","2024-08-22 18:01:30.000",0,77.5341345719935,22,39.6,41.6,2024-08-22 18:01:30
"209","2024-08-22 19:01:30.001","2024-08-22 19:01:30.001",0,75.0971513762918,20,34,52.4,2024-08-22 19:01:30
"210","2024-08-22 20:01:30.000","2024-08-22 20:01:30.000",0,72.7072939365144,13,22.3,32.3,2024-08-22 20:01:30
"211","2024-08-22 21:01:30.000","2024-08-22 21:01:30.000",0,72.5735028468932,20,27.9,38.1,2024-08-22 21:01:30
"212","2024-08-22 22:01:30.001","2024-08-22 22:01:30.001",0,71.0175396670424,16,34.2,46.5,2024-08-22 22:01:30
"213","2024-08-22 23:46:30.000","2024-08-22 23:46:30.000",28,106.63186005138,363,229,1464.5,2024-08-22 23:46:30
"214","2024-08-23 00:46:30.000","2024-08-23 00:46:30.000",42,119.308188326619,446,289.7,1874.6,2024-08-23 00:46:30
"215","2024-08-23 01:01:30.000","2024-08-23 01:01:30.000",42,119.483223155323,405,264.8,1741.4,2024-08-23 01:01:30
"216","2024-08-23 02:01:30.001","2024-08-23 02:01:30.001",32,111.072841980477,248,166.3,991.7,2024-08-23 02:01:30
"217","2024-08-23 03:46:30.001","2024-08-23 03:46:30.001",32,109.584261592078,290,214.6,1249.2,2024-08-23 03:46:30
"218","2024-08-23 04:46:30.000","2024-08-23 04:46:30.000",38,114.63425296602,384,266.4,1676.3,2024-08-23 04:46:30
"219","2024-08-23 05:01:30.000","2024-08-23 05:01:30.000",36,114.414869851252,312,220.4,1358.9,2024-08-23 05:01:30
"220","2024-08-23 06:46:30.000","2024-08-23 06:46:30.000",34,112.882706606762,377,213.4,1441.2,2024-08-23 06:46:30
"221","2024-08-23 07:46:30.001","2024-08-23 07:46:30.001",44,119.66039202819,544,351.8,2266.7,2024-08-23 07:46:30
"222","2024-08-23 08:46:30.000","2024-08-23 08:46:30.000",46,121.181115515034,467,326.8,2046.8,2024-08-23 08:46:30
"223","2024-08-23 09:46:30.000","2024-08-23 09:46:30.000",50,125.634198185162,578,406.6,2492.9,2024-08-23 09:46:30
"224","2024-08-23 10:46:30.000","2024-08-23 10:46:30.000",70,144.197232757185,943,654.5,4632.6,2024-08-23 10:46:30
"225","2024-08-23 11:16:30.000","2024-08-23 11:16:30.000",76,150.211436310477,836,656.5,4184.6,2024-08-23 11:16:30
"226","2024-08-23 12:01:30.000","2024-08-23 12:01:30.000",72,147.196367641539,719,562.9,3559,2024-08-23 12:01:30
"227","2024-08-23 13:01:30.000","2024-08-23 13:01:30.000",56,133.000801651146,459,351.2,2130.8,2024-08-23 13:01:30
"228","2024-08-23 14:01:30.000","2024-08-23 14:01:30.000",35,115.24941134121,211,167.1,903.7,2024-08-23 14:01:30
"229","2024-08-23 15:01:30.000","2024-08-23 15:01:30.000",26,108.555218496292,132,96,600.4,2024-08-23 15:01:30
"230","2024-08-23 16:01:30.001","2024-08-23 16:01:30.001",17,100.984377940368,67,61.9,322.5,2024-08-23 16:01:30
"231","2024-08-23 17:01:30.000","2024-08-23 17:01:30.000",3,87.9931405836078,28,26,100.3,2024-08-23 17:01:30
"232","2024-08-23 18:01:30.000","2024-08-23 18:01:30.000",0,82.2537450784603,20,24.8,52.6,2024-08-23 18:01:30
"233","2024-08-23 19:01:30.000","2024-08-23 19:01:30.000",0,77.2690492284382,10,14.8,14.5,2024-08-23 19:01:30
"234","2024-08-23 20:01:30.000","2024-08-23 20:01:30.000",0,74.8723373740142,7,5.7,15.6,2024-08-23 20:01:30
"235","2024-08-23 21:01:30.001","2024-08-23 21:01:30.001",0,72.1847462539392,6,15.8,13.5,2024-08-23 21:01:30
"236","2024-08-23 22:01:30.000","2024-08-23 22:01:30.000",0,68.5436042634266,7,16.8,14.5,2024-08-23 22:01:30
"237","2024-08-23 23:01:30.000","2024-08-23 23:01:30.000",0,70.8658584615191,14,6.2,36,2024-08-23 23:01:30
"238","2024-08-24 00:46:30.001","2024-08-24 00:46:30.001",3,83.3443559213525,41,17.5,128.4,2024-08-24 00:46:30
"239","2024-08-24 01:46:30.000","2024-08-24 01:46:30.000",11,90.8101584307324,81,37.2,312.1,2024-08-24 01:46:30
"240","2024-08-24 02:46:30.000","2024-08-24 02:46:30.000",21,99.4417332736594,250,148.6,1021.7,2024-08-24 02:46:30
"241","2024-08-24 03:46:30.000","2024-08-24 03:46:30.000",35,110.761220056863,461,292.1,2060.7,2024-08-24 03:46:30
"242","2024-08-24 04:46:30.000","2024-08-24 04:46:30.000",45,119.082359508231,583,406.8,2801.1,2024-08-24 04:46:30
"243","2024-08-24 05:01:30.000","2024-08-24 05:01:30.000",47,120.521317668337,560,394,2665.6,2024-08-24 05:01:30
"244","2024-08-24 06:46:30.000","2024-08-24 06:46:30.000",50,125.524872659242,631,414.4,2986.5,2024-08-24 06:46:30
"245","2024-08-24 07:46:30.000","2024-08-24 07:46:30.000",53,127.320696701641,663,440.6,3223.5,2024-08-24 07:46:30
"246","2024-08-24 08:01:30.001","2024-08-24 08:01:30.001",54,127.334464598268,675,437.8,3178,2024-08-24 08:01:30
"247","2024-08-24 09:46:30.000","2024-08-24 09:46:30.000",53,128.532826959281,641,421.8,2913.6,2024-08-24 09:46:30
"248","2024-08-24 10:31:30.000","2024-08-24 10:31:30.000",56,130.915007338839,673,435.7,3133.9,2024-08-24 10:31:30
"249","2024-08-24 11:01:30.000","2024-08-24 11:01:30.000",56,130.387415547976,583,411.2,2805,2024-08-24 11:01:30
"250","2024-08-24 12:01:30.000","2024-08-24 12:01:30.000",47,124.393005536781,381,229,1619.9,2024-08-24 12:01:30
"251","2024-08-24 13:01:30.000","2024-08-24 13:01:30.000",40,120.60328043894,302,159.7,1242.9,2024-08-24 13:01:30
"252","2024-08-24 14:31:30.000","2024-08-24 14:31:30.000",33,114.016818533627,206,122.3,878.6,2024-08-24 14:31:30
"253","2024-08-24 15:01:30.001","2024-08-24 15:01:30.001",33,113.858683671997,206,120.7,949.9,2024-08-24 15:01:30
"254","2024-08-24 16:01:30.000","2024-08-24 16:01:30.000",25,107.498104261314,138,89.4,602.7,2024-08-24 16:01:30
"255","2024-08-24 17:01:30.000","2024-08-24 17:01:30.000",7,92.6224676351278,37,21.8,139.4,2024-08-24 17:01:30
"256","2024-08-24 18:01:30.000","2024-08-24 18:01:30.000",0,83.3865399765095,8,2,18.4,2024-08-24 18:01:30
"257","2024-08-24 19:01:30.000","2024-08-24 19:01:30.000",0,78.4018360350567,6,4.4,15.4,2024-08-24 19:01:30
"258","2024-08-24 20:01:30.000","2024-08-24 20:01:30.000",0,74.9120165891394,9,11.4,19.2,2024-08-24 20:01:30
"259","2024-08-24 21:01:30.000","2024-08-24 21:01:30.000",0,71.191451132316,4,1,6.6,2024-08-24 21:01:30
"260","2024-08-24 22:01:30.000","2024-08-24 22:01:30.000",0,67.3520766781774,1,0.2,5.3,2024-08-24 22:01:30
"261","2024-08-24 23:01:30.001","2024-08-24 23:01:30.001",0,69.3494072282438,2,0.4,4.5,2024-08-24 23:01:30
"262","2024-08-25 00:01:30.000","2024-08-25 00:01:30.000",0,75.0177763827308,13,4.5,42.3,2024-08-25 00:01:30
"263","2024-08-25 01:46:30.000","2024-08-25 01:46:30.000",1,84.4825719792615,50,25.2,183.1,2024-08-25 01:46:30
"264","2024-08-25 02:46:30.001","2024-08-25 02:46:30.001",7,89.247734182038,67,32,231.8,2024-08-25 02:46:30
"265","2024-08-25 03:46:30.001","2024-08-25 03:46:30.001",14,94.3731535548592,125,61.6,436.4,2024-08-25 03:46:30
"266","2024-08-25 04:46:30.000","2024-08-25 04:46:30.000",18,97.065234282836,160,81.1,559.5,2024-08-25 04:46:30
"267","2024-08-25 05:46:30.000","2024-08-25 05:46:30.000",19,100.3351373286,145,77.8,587.4,2024-08-25 05:46:30
"268","2024-08-25 06:46:30.001","2024-08-25 06:46:30.001",24,104.128001010464,223,121.4,941.5,2024-08-25 06:46:30
"269","2024-08-25 07:01:30.000","2024-08-25 07:01:30.000",24,103.714533440309,203,122.7,824.8,2024-08-25 07:01:30
"270","2024-08-25 08:01:30.000","2024-08-25 08:01:30.000",25,103.549706995516,203,133.8,801.5,2024-08-25 08:01:30
"271","2024-08-25 09:46:30.000","2024-08-25 09:46:30.000",28,106.722151039659,298,174.7,1299.8,2024-08-25 09:46:30
"272","2024-08-25 10:46:30.000","2024-08-25 10:46:30.000",31,108.625039367669,342,193.4,1537.6,2024-08-25 10:46:30
"273","2024-08-25 11:01:30.001","2024-08-25 11:01:30.001",31,109.192943048937,315,193.2,1383.6,2024-08-25 11:01:30
"274","2024-08-25 12:16:30.000","2024-08-25 12:16:30.000",33,111.265779424271,278,169.9,1182.2,2024-08-25 12:16:30
"275","2024-08-25 13:01:30.000","2024-08-25 13:01:30.000",30,109.09118170176,229,145.4,963.6,2024-08-25 13:01:30
"276","2024-08-25 14:01:30.000","2024-08-25 14:01:30.000",23,102.933685372178,116,59.1,434.5,2024-08-25 14:01:30
"277","2024-08-25 15:01:30.000","2024-08-25 15:01:30.000",15,96.9449284692942,54,35.6,211.7,2024-08-25 15:01:30
"278","2024-08-25 16:01:30.001","2024-08-25 16:01:30.001",6,89.4983596621801,21,19.5,71.9,2024-08-25 16:01:30
"279","2024-08-25 17:01:30.000","2024-08-25 17:01:30.000",0,79.3639399167367,8,5,12.6,2024-08-25 17:01:30
"280","2024-08-25 18:01:30.000","2024-08-25 18:01:30.000",0,74.6125408792248,4,2.2,8.7,2024-08-25 18:01:30
"281","2024-08-25 19:01:30.000","2024-08-25 19:01:30.000",0,70.5047681331371,10,5.6,11,2024-08-25 19:01:30
"282","2024-08-25 20:01:30.000","2024-08-25 20:01:30.000",0,68.4220388410873,6,3.7,4.5,2024-08-25 20:01:30
"283","2024-08-25 21:01:30.001","2024-08-25 21:01:30.001",0,67.207819728525,4,6.1,12.8,2024-08-25 21:01:30
"284","2024-08-25 22:01:30.001","2024-08-25 22:01:30.001",0,66.8260064830356,10,5.8,33.9,2024-08-25 22:01:30
"285","2024-08-25 23:46:30.000","2024-08-25 23:46:30.000",36,111.509698004788,515,324.9,2333.1,2024-08-25 23:46:30
"286","2024-08-26 00:46:30.000","2024-08-26 00:46:30.000",56,130.571858480194,604,413.1,3110.6,2024-08-26 00:46:30
"287","2024-08-26 01:01:30.000","2024-08-26 01:01:30.000",56,131.32630280311,554,389.9,2831.2,2024-08-26 01:01:30
"288","2024-08-26 02:01:30.000","2024-08-26 02:01:30.000",48,124.187265881643,316,255.5,1554.9,2024-08-26 02:01:30
"289","2024-08-26 03:01:30.000","2024-08-26 03:01:30.000",34,111.875545441088,225,192.4,941.3,2024-08-26 03:01:30
"290","2024-08-26 04:01:30.000","2024-08-26 04:01:30.000",31,109.214306674254,238,175.3,963.9,2024-08-26 04:01:30
"291","2024-08-26 05:01:30.000","2024-08-26 05:01:30.000",30,108.955579959871,234,174,991.3,2024-08-26 05:01:30
"292","2024-08-26 06:46:30.000","2024-08-26 06:46:30.000",28,108.665870528071,246,150.3,960.4,2024-08-26 06:46:30
"293","2024-08-26 07:46:30.000","2024-08-26 07:46:30.000",35,113.640844588152,378,218.8,1577.9,2024-08-26 07:46:30
"294","2024-08-26 08:31:30.000","2024-08-26 08:31:30.000",38,116.826060007232,432,260.1,1786.2,2024-08-26 08:31:30
"295","2024-08-26 09:46:30.000","2024-08-26 09:46:30.000",44,121.928397615786,507,335.7,2232.1,2024-08-26 09:46:30
"296","2024-08-26 10:46:30.000","2024-08-26 10:46:30.000",59,136.036757924641,813,541.9,3710.9,2024-08-26 10:46:30
"297","2024-08-26 11:01:30.000","2024-08-26 11:01:30.000",64,140.925107769089,789,544.9,3726.7,2024-08-26 11:01:30
"298","2024-08-26 12:01:30.000","2024-08-26 12:01:30.000",57,136.444573965223,453,326.2,2067.5,2024-08-26 12:01:30
"299","2024-08-26 13:01:30.000","2024-08-26 13:01:30.000",40,122.738033721658,210,157.8,916.3,2024-08-26 13:01:30
"300","2024-08-26 14:01:30.000","2024-08-26 14:01:30.000",20,105.241481875156,60,52,263.3,2024-08-26 14:01:30
"301","2024-08-26 15:01:30.000","2024-08-26 15:01:30.000",10,96.350148775927,40,34,165.8,2024-08-26 15:01:30
"302","2024-08-26 16:01:30.001","2024-08-26 16:01:30.001",3,90.1571098219106,40,43.8,179.3,2024-08-26 16:01:30
"303","2024-08-26 17:01:30.000","2024-08-26 17:01:30.000",0,81.94897300238,29,31.5,95.9,2024-08-26 17:01:30
"304","2024-08-26 18:01:30.001","2024-08-26 18:01:30.001",0,77.8823082566112,20,24.6,53.6,2024-08-26 18:01:30
"305","2024-08-26 19:01:30.000","2024-08-26 19:01:30.000",0,76.3908815957412,18,43.4,88.4,2024-08-26 19:01:30
"306","2024-08-26 20:01:30.000","2024-08-26 20:01:30.000",0,75.0460509732873,14,48.2,77.8,2024-08-26 20:01:30
"307","2024-08-26 21:01:30.000","2024-08-26 21:01:30.000",0,73.6629408136874,20,55,108.6,2024-08-26 21:01:30
"308","2024-08-26 22:01:30.000","2024-08-26 22:01:30.000",0,71.1602221183978,17,33.7,46.1,2024-08-26 22:01:30
"309","2024-08-26 23:46:30.000","2024-08-26 23:46:30.000",30,108.204041881177,389,253.3,1774.7,2024-08-26 23:46:30
"310","2024-08-27 00:46:30.000","2024-08-27 00:46:30.000",49,125.855714875876,580,387.5,2868.1,2024-08-27 00:46:30
"311","2024-08-27 01:01:30.001","2024-08-27 01:01:30.001",51,127.686770915707,536,372,2685.8,2024-08-27 01:01:30
"312","2024-08-27 02:01:30.001","2024-08-27 02:01:30.001",46,123.049179867828,383,289.2,2011.2,2024-08-27 02:01:30
"313","2024-08-27 03:01:30.000","2024-08-27 03:01:30.000",39,115.441952677473,315,254.9,1497.4,2024-08-27 03:01:30
"314","2024-08-27 04:01:30.001","2024-08-27 04:01:30.001",38,115.366085164076,331,270.1,1560.6,2024-08-27 04:01:30
"315","2024-08-27 05:01:30.001","2024-08-27 05:01:30.001",37,116.016353016666,310,254,1354.3,2024-08-27 05:01:30
"316","2024-08-27 06:46:30.001","2024-08-27 06:46:30.001",35,113.991746398962,300,194,1140.6,2024-08-27 06:46:30
"317","2024-08-27 07:46:30.000","2024-08-27 07:46:30.000",41,119.399288609386,453,303.8,1928,2024-08-27 07:46:30
"318","2024-08-27 08:31:30.000","2024-08-27 08:31:30.000",45,122.465936690447,467,337.3,2068.1,2024-08-27 08:31:30
"319","2024-08-27 09:46:30.000","2024-08-27 09:46:30.000",51,127.502396330057,590,419.7,2657.7,2024-08-27 09:46:30
"320","2024-08-27 10:46:30.000","2024-08-27 10:46:30.000",65,141.817269238006,867,582.8,4145.2,2024-08-27 10:46:30
"321","2024-08-27 11:16:30.000","2024-08-27 11:16:30.000",71,147.984379549921,731,538.8,3614.9,2024-08-27 11:16:30
"322","2024-08-27 12:01:30.000","2024-08-27 12:01:30.000",64,143.021177762672,507,394.9,2445.3,2024-08-27 12:01:30
